host_name,host_acceptance_rate,host_total_listings_count,neighbourhood_group_cleansed,latitude,longitude,room_type,accommodates,bathrooms,bathrooms_text,bedrooms,price,number_of_reviews,review_scores_rating,review_scores_accuracy,review_scores_cleanliness,review_scores_communication,review_scores_location,review_scores_value
Bp Stays.,100,59.0,Manhattan,40.80954,-73.95236,Private room,2,2.0,2 shared baths,1.0,56.0,36,4.75,4.89,4.83,4.92,4.33,4.72
Yamid,100,1.0,Queens,40.74815,-73.8773,Private room,2,1.0,1 shared bath,1.0,55.0,167,4.91,4.92,4.93,4.85,4.74,4.91
Charly,39,1.0,Brooklyn,40.70511,-73.98592,Entire home/apt,2,1.0,1 bath,1.0,210.0,16,4.63,4.5,4.13,4.81,5.0,4.44
Priscila,99,7.0,Queens,40.76137223202663,-73.80526050925255,Private room,2,1.0,1 private bath,1.0,50.0,27,4.85,4.78,4.63,4.85,4.78,4.78
Ruben,100,4.0,Bronx,40.85363,-73.85516,Entire home/apt,4,1.0,1 bath,1.0,98.0,5,5.0,5.0,5.0,5.0,5.0,4.8
Liz,0,1.0,Brooklyn,40.68594,-73.95304,Entire home/apt,2,1.0,1 bath,1.0,160.0,17,4.94,5.0,4.88,4.94,4.88,4.88
Raymond,93,7.0,Manhattan,40.80454,-73.9462,Entire home/apt,4,1.0,1 bath,1.0,129.0,418,4.66,4.74,4.68,4.82,4.73,4.69
Ishmael,100,6.0,Queens,40.6875497,-73.7784866,Private room,2,1.0,1 private bath,1.0,120.0,17,4.88,4.82,4.94,5.0,4.47,4.76
Julie,93,2.0,Brooklyn,40.68319,-73.96253,Private room,1,1.0,1 shared bath,1.0,75.0,100,4.81,4.91,4.85,4.95,4.86,4.8
Nick,99,7.0,Brooklyn,40.69829101982256,-73.92880101913443,Private room,2,1.0,1 private bath,1.0,85.0,42,4.83,4.76,4.79,4.95,4.81,4.67
Dorit,100,44.0,Brooklyn,40.62323990722146,-74.02686372548806,Entire home/apt,2,1.0,1 bath,1.0,150.0,8,5.0,4.8,4.6,4.8,4.8,4.8
Louis,92,10.0,Brooklyn,40.69501,-73.94388,Shared room,2,1.0,1 shared bath,1.0,50.0,5,4.4,4.4,5.0,4.2,4.6,4.6
Jane,0,3.0,Manhattan,40.82402,-73.95263,Private room,1,1.0,1 shared bath,1.0,65.0,34,4.76,4.88,4.64,4.88,4.7,4.85
SoCo Property,100,42.0,Brooklyn,40.6892,-73.98101,Entire home/apt,2,1.0,1 bath,0.0,141.0,13,4.85,5.0,5.0,4.77,5.0,4.77
Carlina,0,5.0,Manhattan,40.8261,-73.95131,Private room,2,1.0,1 shared bath,1.0,80.0,190,4.55,4.7,4.64,4.77,4.61,4.64
Cielo,96,2.0,Queens,40.76270732506374,-73.89023972537035,Private room,2,1.0,1 shared bath,1.0,106.0,12,4.25,4.58,4.08,4.58,4.33,4.5
Nadine,67,3.0,Manhattan,40.74934110704476,-73.97891741261175,Entire home/apt,1,1.0,1 bath,1.0,390.0,0,4.0,4.0,3.0,5.0,5.0,3.0
Karen,100,17.0,Queens,40.76796,-73.92547,Private room,2,1.0,1 shared bath,1.0,60.0,99,4.63,4.64,4.48,4.7,4.78,4.67
Carlos,93,5.0,Queens,40.74566,-73.88326,Private room,2,1.0,1 shared bath,1.0,110.0,177,4.96,4.98,4.97,4.97,4.86,4.97
Jillian,19,1.0,Manhattan,40.73095404834139,-74.00665833418505,Entire home/apt,2,1.0,1 bath,1.0,250.0,3,5.0,5.0,5.0,5.0,5.0,5.0
Sol And Coach,100,4.0,Brooklyn,40.68088,-73.88786,Entire home/apt,2,1.0,1 bath,2.0,79.0,352,4.86,4.88,4.84,4.94,4.65,4.8
Ricardo & Ashlie,56,4.0,Manhattan,40.71535,-73.9921,Entire home/apt,4,1.0,1 bath,0.0,200.0,11,4.82,4.82,4.82,4.91,4.91,4.55
Jack & Jo,100,4.0,Manhattan,40.721,-73.98372,Entire home/apt,2,1.0,1 bath,1.0,110.0,130,4.46,4.44,4.45,4.72,4.75,4.45
Fenix,71,28.0,Brooklyn,40.7131588,-73.96130769999999,Entire home/apt,3,1.0,1 bath,2.0,174.0,3,5.0,5.0,5.0,5.0,5.0,5.0
Raymond,0,5.0,Manhattan,40.70944,-74.0184,Entire home/apt,4,1.0,1 bath,1.0,80.0,45,4.84,4.49,4.64,4.96,4.93,4.77
Nicosia,100,2.0,Brooklyn,40.6603595,-73.8774937,Private room,2,1.0,1 bath,1.0,175.0,7,4.88,5.0,4.88,4.88,4.38,4.88
Louis,92,10.0,Brooklyn,40.69420623779297,-73.94454956054688,Private room,2,2.0,2 baths,3.0,250.0,75,4.48,4.6,4.57,4.47,4.53,4.4
Leslie,95,4.0,Brooklyn,40.72491319472604,-73.94435047089114,Entire home/apt,4,1.0,1 bath,2.0,185.0,331,4.94,4.94,4.92,4.97,4.89,4.82
Ozella Peaches,100,1.0,Queens,40.68843,-73.86437,Private room,2,1.0,1 private bath,1.0,50.0,73,4.75,4.84,4.73,4.93,4.75,4.74
Alex,88,8.0,Manhattan,40.74458,-73.97382,Entire home/apt,4,1.0,1 bath,1.0,100.0,18,4.94,4.89,4.72,5.0,4.83,4.83
Jazz,70,5.0,Brooklyn,40.71075,-73.9534,Entire home/apt,2,1.0,1 bath,2.0,214.0,200,4.92,4.93,4.91,4.95,4.89,4.81
Hendrix JY,100,4.0,Brooklyn,40.67561,-73.89078,Entire home/apt,4,1.0,1 bath,1.0,126.0,202,4.73,4.85,4.84,4.87,4.37,4.69
Nicole,93,4.0,Queens,40.762,-73.87299,Private room,1,1.0,1 bath,1.0,60.0,2,3.0,2.5,3.0,3.0,1.5,2.0
Dj,95,2.0,Brooklyn,40.68018,-73.92734,Entire home/apt,16,2.0,2 baths,4.0,360.0,37,4.68,4.62,4.57,4.81,4.59,4.49
Angelika,100,1.0,Manhattan,40.73527,-73.98089,Private room,2,1.0,1 private bath,1.0,450.0,38,5.0,4.95,4.79,5.0,4.92,4.92
Jessica,63,6.0,Manhattan,40.76842,-73.95226,Private room,1,1.0,1 shared bath,1.0,101.0,13,4.54,4.54,4.62,4.85,4.85,4.54
Virginia,67,1.0,Manhattan,40.77298,-73.95813,Private room,1,1.0,1 bath,1.0,60.0,5,5.0,5.0,4.6,5.0,5.0,4.8
The Collective Paper Factory Hotel,98,7.0,Queens,40.75403,-73.92812,Private room,2,1.0,1 private bath,1.0,199.0,14,4.71,4.93,4.93,4.71,4.71,4.71
Ima,100,1.0,Bronx,40.82451,-73.85288,Entire home/apt,3,1.0,1 bath,1.0,130.0,42,4.74,4.74,4.86,4.83,4.74,4.79
Jose,99,10.0,Queens,40.73669,-73.9206,Private room,1,1.5,1.5 baths,1.0,60.0,127,4.65,4.69,4.56,4.83,4.69,4.56
Best Inns USA,71,39.0,Manhattan,40.73259,-73.98538,Entire home/apt,2,1.0,1 bath,0.0,74.0,4,5.0,5.0,5.0,5.0,5.0,4.5
Nate,62,1.0,Brooklyn,40.7184,-73.95365,Entire home/apt,2,1.0,1 bath,0.0,114.0,23,4.83,4.87,4.61,5.0,4.96,4.78
Aka Times Square,100,18.0,Manhattan,40.75778,-73.98528,Entire home/apt,5,1.0,1 bath,2.0,629.0,25,4.76,4.52,4.68,4.72,4.84,4.56
Lizavero,94,1.0,Queens,40.76155,-73.81965,Entire home/apt,4,2.0,2 baths,2.0,173.0,58,4.81,4.84,4.67,4.81,4.69,4.79
Eliza,100,67.0,Manhattan,40.747537897289554,-73.98695764065717,Private room,4,1.0,1 bath,1.0,64.0,17,4.35,4.35,4.59,4.71,4.88,4.12
Edward,96,4.0,Brooklyn,40.68266,-73.94237,Entire home/apt,3,1.0,1 bath,1.0,120.0,22,4.78,4.87,4.65,4.91,4.65,4.7
Isaac,96,3.0,Manhattan,40.7193331,-73.98946289999999,Entire home/apt,7,2.5,2.5 baths,3.0,1100.0,16,4.94,4.94,4.88,4.94,4.94,4.75
Dorit,100,44.0,Brooklyn,40.6237920367814,-74.02839542028835,Entire home/apt,2,1.0,1 bath,1.0,150.0,3,4.67,5.0,5.0,5.0,4.0,5.0
Kylie,97,10.0,Manhattan,40.71498,-73.98714,Private room,2,1.0,1 shared bath,1.0,84.0,21,4.67,4.71,4.81,4.76,4.24,4.52
Zipporah,100,2.0,Queens,40.70495,-73.75051,Entire home/apt,2,1.0,1 bath,1.0,100.0,21,4.81,4.86,4.86,4.9,4.67,4.71
Tony,100,5.0,Manhattan,40.82405,-73.94603,Private room,2,1.0,1 shared bath,1.0,139.0,76,4.91,4.88,4.85,4.96,4.81,4.85
Raanan,40,8.0,Manhattan,40.73324,-73.98396,Entire home/apt,3,1.0,1 bath,1.0,119.0,10,4.2,4.3,3.9,4.9,4.6,3.9
Petya,76,58.0,Queens,40.77221,-73.92885,Private room,1,1.0,1 shared bath,1.0,43.0,1,5.0,5.0,5.0,5.0,5.0,5.0
Marcia,100,1.0,Brooklyn,40.70408,-73.98645,Private room,2,2.0,2 baths,1.0,265.0,111,4.89,4.95,4.89,4.93,4.96,4.81
Cristal,72,1.0,Bronx,40.84740819756538,-73.91340034910854,Entire home/apt,2,1.0,1 bath,1.0,75.0,3,4.67,4.33,4.33,5.0,3.33,4.0
Benjamin,76,26.0,Brooklyn,40.68929,-73.97759,Entire home/apt,2,1.0,1 bath,0.0,100.0,35,4.86,4.88,4.68,4.94,4.91,4.5
Kwab,100,3.0,Brooklyn,40.673141,-73.915642,Entire home/apt,6,2.0,2 baths,3.0,140.0,5,5.0,5.0,4.4,5.0,5.0,4.8
Noelle,90,10.0,Queens,40.76303,-73.77303,Entire home/apt,3,1.0,1 bath,1.0,110.0,6,5.0,5.0,4.83,5.0,5.0,5.0
Olu,100,4.0,Queens,40.6534,-73.74631,Entire home/apt,4,1.0,1 bath,2.0,130.0,8,4.13,4.0,3.88,4.5,4.5,3.75
Nick,100,5.0,Brooklyn,40.67708,-73.96174,Entire home/apt,4,1.0,1 bath,2.0,110.0,13,4.85,4.92,4.69,4.92,4.85,4.54
Camille,89,3.0,Manhattan,40.78484,-73.94756,Entire home/apt,4,1.0,1 bath,2.0,235.0,73,4.44,4.74,4.52,4.47,4.71,4.44
Stellamaris,82,7.0,Bronx,40.8757704648113,-73.85542788330437,Private room,1,1.0,1 bath,1.0,51.0,5,4.6,4.8,4.6,4.6,3.8,4.4
Cândida,100,2.0,Manhattan,40.79642,-73.94373,Entire home/apt,2,1.0,1 bath,1.0,90.0,2,5.0,5.0,5.0,5.0,5.0,5.0
The Flat Hotel,100,8.0,Manhattan,40.74345,-73.99156,Private room,2,1.0,1 shared bath,1.0,141.0,1,4.0,5.0,3.0,5.0,5.0,5.0
Tara,88,2.0,Brooklyn,40.68266,-73.92264,Entire home/apt,2,1.0,1 bath,0.0,92.0,11,4.91,4.91,4.91,5.0,4.73,4.64
Ewelina,100,3.0,Queens,40.71361802716413,-73.88351332503856,Entire home/apt,6,2.0,2 baths,2.0,196.0,47,4.85,4.81,4.83,4.91,4.72,4.81
Darina,89,16.0,Brooklyn,40.70262,-73.91975,Private room,4,4.0,4 baths,5.0,72.0,21,4.71,4.86,4.52,5.0,4.9,4.76
Gertrude,99,3.0,Queens,40.6951836,-73.8409908,Entire home/apt,5,1.0,1 bath,2.0,236.0,13,4.77,4.77,4.69,5.0,4.69,4.77
Michelle,100,1.0,Queens,40.74796,-73.90685,Entire home/apt,2,1.0,1 bath,1.0,130.0,110,4.91,4.95,4.88,4.95,4.73,4.81
Jamie,94,2.0,Brooklyn,40.69462,-73.94693,Private room,2,1.0,1 shared bath,1.0,150.0,65,4.72,4.75,4.71,4.98,4.58,4.62
Bobby And Ruth,83,1.0,Brooklyn,40.68512,-73.92291,Entire home/apt,3,1.0,1 bath,2.0,230.0,106,4.95,4.98,4.98,4.99,4.76,4.83
Will,89,13.0,Queens,40.757129561930206,-73.81944307851697,Entire home/apt,4,2.0,2 baths,2.0,145.0,1,5.0,5.0,4.0,5.0,4.0,5.0
Elodia,78,1.0,Manhattan,40.80041021264202,-73.96042232251061,Entire home/apt,7,1.0,1 bath,3.0,316.0,5,4.8,4.8,4.8,4.8,4.8,4.8
Shanique,100,3.0,Queens,40.67117089400595,-73.76053438510074,Private room,2,1.0,1 private bath,1.0,70.0,34,4.85,4.76,4.91,4.91,4.71,4.88
Yvelisse,88,3.0,Manhattan,40.854827,-73.9378464,Entire home/apt,4,1.0,1 bath,1.0,120.0,5,5.0,5.0,5.0,5.0,4.6,5.0
Sanyika,82,3.0,Bronx,40.851,-73.90303,Private room,1,1.0,1 shared bath,1.0,46.0,14,4.86,4.93,4.93,4.93,4.36,5.0
Kim,58,1.0,Queens,40.77276,-73.90479,Entire home/apt,5,1.0,1 bath,2.0,225.0,19,4.63,4.58,4.58,5.0,4.58,4.42
Ben,50,19.0,Brooklyn,40.67389,-73.96547,Entire home/apt,4,1.0,1 bath,1.0,155.0,13,5.0,5.0,4.92,4.92,5.0,4.69
Lisa,100,2.0,Brooklyn,40.68862,-73.90912,Entire home/apt,7,1.5,1.5 baths,3.0,175.0,175,4.83,4.89,4.74,4.93,4.71,4.79
Jeannie & Everett,100,1.0,Brooklyn,40.6882,-73.93636,Entire home/apt,4,1.0,1 bath,2.0,150.0,127,4.95,4.96,4.92,4.99,4.64,4.87
Urban Furnished,49,77.0,Manhattan,40.7662,-73.98865,Entire home/apt,3,1.0,1 bath,0.0,171.0,3,4.67,4.67,5.0,5.0,4.67,4.67
Tiffany,97,6.0,Brooklyn,40.67559934943594,-73.90873366175377,Private room,2,1.5,1.5 baths,1.0,136.0,5,5.0,5.0,5.0,5.0,4.8,4.8
Mary,83,1.0,Staten Island,40.63947,-74.08374,Entire home/apt,2,1.0,1 bath,2.0,92.0,4,5.0,5.0,5.0,5.0,5.0,5.0
Honora,100,2.0,Brooklyn,40.6866,-73.9756,Entire home/apt,2,1.0,1 bath,1.0,90.0,62,4.66,4.77,4.71,4.92,4.73,4.77
UltraDiamond,98,22.0,Queens,40.74676077099501,-73.94395114217257,Entire home/apt,3,1.0,1 bath,1.0,166.0,3,5.0,5.0,5.0,5.0,5.0,5.0
Matt,75,28.0,Manhattan,40.75496,-73.96233,Entire home/apt,6,2.0,2 baths,2.0,240.0,1,1.0,1.0,2.0,1.0,4.0,1.0
Mike @ New Age Tech,94,4.0,Brooklyn,40.67672,-73.89816,Entire home/apt,6,1.0,1 bath,2.0,125.0,52,4.69,4.75,4.63,4.77,4.19,4.65
Kaila,33,12.0,Bronx,40.86908,-73.90796,Private room,2,1.0,1 shared bath,1.0,55.0,4,4.5,4.5,4.25,4.5,4.75,4.75
Nice Stay NYC,65,16.0,Manhattan,40.7677499,-73.9837835,Entire home/apt,2,1.0,1 bath,1.0,479.0,3,5.0,5.0,5.0,4.67,5.0,4.67
Zach,100,2.0,Queens,40.70324,-73.9034,Private room,1,1.0,1 shared bath,1.0,70.0,15,4.93,4.87,4.8,4.93,4.87,4.87
Gabriela,90,2.0,Queens,40.764149,-73.862167,Entire home/apt,4,1.0,1 bath,1.0,170.0,34,4.79,4.94,4.88,4.65,4.85,4.82
Teddy,50,5.0,Brooklyn,40.70222906856366,-73.94017337473886,Private room,2,1.0,1 private bath,1.0,105.0,24,4.96,4.96,4.91,4.92,4.54,4.92
Jeniffer,90,77.0,Manhattan,40.7189,-73.99588,Entire home/apt,2,1.0,1 bath,0.0,180.0,41,4.9,4.93,4.95,4.68,4.85,4.83
Duane,75,2.0,Manhattan,40.71914,-73.99648,Private room,1,1.0,1 private bath,1.0,225.0,9,5.0,4.89,4.89,5.0,5.0,4.89
Hilda,65,2.0,Brooklyn,40.68836,-73.97264,Entire home/apt,2,1.0,1 bath,1.0,105.0,8,5.0,5.0,5.0,5.0,5.0,4.88
Dorit,85,2.0,Manhattan,40.72939,-74.00203,Entire home/apt,2,1.0,1 bath,1.0,183.0,70,4.97,4.94,4.94,4.96,5.0,4.87
Mark,90,1.0,Queens,40.66574328964332,-73.81274825514527,Entire home/apt,2,1.0,1 bath,2.0,143.0,13,5.0,4.92,4.85,5.0,4.54,4.92
LuxuryStaysNYC,99,5.0,Manhattan,40.76860192867729,-73.9858899400772,Entire home/apt,4,1.0,1 bath,1.0,611.0,9,5.0,5.0,5.0,5.0,5.0,4.89
Nesva Hotel,100,15.0,Queens,40.75331,-73.93501,Hotel room,3,1.0,1 private bath,1.0,207.0,61,4.33,4.46,4.48,4.54,4.54,4.39
Gideon,11,2.0,Brooklyn,40.66151,-73.99362,Entire home/apt,5,1.0,1 bath,2.0,135.0,4,5.0,5.0,5.0,5.0,5.0,5.0
Caleb,0,1.0,Brooklyn,40.71668,-73.9573,Entire home/apt,2,1.0,1 bath,0.0,110.0,5,3.6,4.6,3.8,4.6,5.0,4.2
Jessica,100,1.0,Brooklyn,40.72262,-73.94949,Entire home/apt,6,3.0,3 baths,3.0,500.0,2,5.0,5.0,5.0,5.0,5.0,4.5
Geraldo,100,2.0,Manhattan,40.73623,-73.98776,Entire home/apt,2,1.5,1.5 baths,1.0,385.0,81,4.89,4.89,4.79,4.93,5.0,4.7
Michelle,100,12.0,Manhattan,40.7694,-73.99101,Private room,2,1.0,1 shared bath,1.0,138.0,44,4.73,4.73,4.8,4.89,4.98,4.7
June,72,1433.0,Manhattan,40.81164925295354,-73.95375229681525,Private room,1,0.0,0 shared baths,4.0,61.0,1,3.0,4.0,5.0,1.0,5.0,2.0
Shkedy,100,31.0,Manhattan,40.75223309828048,-73.97014013359767,Private room,2,1.0,1 bath,1.0,230.0,7,5.0,5.0,5.0,5.0,5.0,4.71
Olga,67,5.0,Brooklyn,40.60883,-73.94803,Entire home/apt,6,2.0,2 baths,3.0,255.0,10,4.7,5.0,4.8,4.8,4.7,4.8
Omer,88,2.0,Brooklyn,40.70719,-73.95392,Entire home/apt,2,1.0,1 bath,2.0,190.0,34,4.82,4.85,4.82,4.94,4.68,4.65
Noelva,100,2.0,Bronx,40.85477,-73.78871,Entire home/apt,2,1.0,1 bath,1.0,110.0,1,5.0,5.0,5.0,5.0,5.0,5.0
Alex & Family,0,6.0,Brooklyn,40.68126,-73.91374,Entire home/apt,6,1.0,1 bath,3.0,140.0,86,4.76,4.85,4.78,4.86,4.41,4.72
Juliana,100,2.0,Brooklyn,40.68901,-73.95278,Entire home/apt,8,2.0,2 baths,3.0,400.0,89,4.9,4.92,4.94,4.98,4.87,4.87
Eean,87,2.0,Bronx,40.87368,-73.87544,Private room,2,1.0,1 shared bath,1.0,50.0,4,4.25,4.5,4.5,5.0,4.25,4.5
Angela,65,6.0,Brooklyn,40.68291,-73.95493,Private room,2,1.0,1 shared bath,1.0,90.0,2,5.0,5.0,5.0,5.0,5.0,5.0
Adepeju,90,2.0,Queens,40.583801816730144,-73.81236126834288,Private room,2,1.0,1 bath,1.0,44.0,1,5.0,5.0,5.0,5.0,5.0,5.0
RoomPicks By Antony,96,2383.0,Manhattan,40.74898,-73.98746,Private room,2,1.0,1 bath,1.0,296.0,1,5.0,5.0,5.0,5.0,5.0,5.0
Heidi,99,6.0,Brooklyn,40.63557,-73.89422,Private room,2,1.0,1 shared bath,1.0,99.0,13,4.54,4.62,4.54,4.69,4.46,4.69
Aleph,7,93.0,Brooklyn,40.67984,-73.88426,Private room,1,2.0,2 shared baths,1.0,44.0,1,4.0,5.0,4.0,4.0,5.0,5.0
George,0,4.0,Brooklyn,40.68578,-73.96458,Private room,2,1.5,1.5 shared baths,1.0,100.0,58,4.62,4.75,4.67,4.79,4.8,4.73
Kia,65,4.0,Brooklyn,40.68025,-73.9187,Private room,1,1.0,1 shared bath,1.0,54.0,18,4.94,4.94,4.83,4.94,4.72,4.83
Stay With Vibe,74,330.0,Manhattan,40.74176,-73.97819,Entire home/apt,2,1.0,1 bath,1.0,111.0,20,4.4,4.35,4.25,4.7,4.7,4.25
Joanna & Brian,93,3.0,Brooklyn,40.68692,-73.96185,Private room,5,1.5,1.5 baths,1.0,178.0,295,4.95,4.96,4.94,4.98,4.96,4.89
Micheline,100,3.0,Queens,40.69112,-73.75455,Private room,2,1.0,1 shared bath,1.0,43.0,6,4.33,3.83,4.0,4.67,4.5,4.5
Chip,100,5.0,Manhattan,40.82816,-73.95375,Private room,1,1.5,1.5 shared baths,1.0,50.0,24,4.83,4.92,4.75,5.0,4.88,4.63
Mary,63,23.0,Queens,40.6999219367324,-73.82786251290771,Private room,1,1.0,1 shared bath,1.0,45.0,1,3.0,3.0,2.0,4.0,3.0,2.0
Kaz,78,366.0,Queens,40.74138,-73.8921,Private room,1,1.0,1 shared bath,1.0,24.0,9,4.89,4.89,4.56,5.0,4.44,4.56
Aminah,95,5.0,Brooklyn,40.66958,-73.88896,Entire home/apt,2,1.0,1 bath,1.0,120.0,153,4.82,4.88,4.87,4.93,4.38,4.79
Brady,97,12.0,Brooklyn,40.68879,-73.92859,Private room,2,2.0,2 shared baths,1.0,98.0,525,4.85,4.94,4.79,4.95,4.63,4.85
Dierdre,13,1.0,Staten Island,40.63358,-74.11297,Entire home/apt,6,1.0,1 bath,2.0,159.0,93,4.91,4.95,4.92,4.99,4.77,4.9
J,100,3.0,Brooklyn,40.67242,-73.95389,Entire home/apt,5,1.0,1 bath,2.0,99.0,126,4.87,4.9,4.77,4.95,4.88,4.81
Ross,83,1.0,Manhattan,40.80871,-73.94256,Entire home/apt,2,1.0,1 bath,1.0,95.0,13,5.0,5.0,4.85,4.85,4.85,5.0
Loretta,57,2.0,Brooklyn,40.67714,-73.95366,Private room,1,1.0,1 private bath,1.0,52.0,63,4.68,4.76,4.56,4.97,4.77,4.69
Jared,71,1.0,Manhattan,40.76022,-73.96688,Entire home/apt,2,1.0,1 bath,1.0,644.0,31,4.97,4.9,4.68,5.0,5.0,4.81
Jeniffer,90,77.0,Manhattan,40.71988,-73.99556,Entire home/apt,2,1.0,1 bath,0.0,190.0,28,4.89,4.82,4.86,4.64,4.79,4.71
RoomPicks,88,3117.0,Manhattan,40.76081,-73.98592,Private room,4,1.0,1 bath,1.0,205.0,1,5.0,5.0,5.0,5.0,5.0,5.0
Patrick,96,1.0,Brooklyn,40.64133592616302,-73.94385342281035,Entire home/apt,3,2.0,2 baths,2.0,120.0,1,5.0,5.0,5.0,5.0,5.0,5.0
Vigil,92,3.0,Manhattan,40.80767,-73.94976,Private room,1,1.0,1 shared bath,1.0,75.0,27,4.96,4.93,5.0,4.85,4.67,4.81
Stay With Vibe,74,330.0,Manhattan,40.76285,-73.96304,Entire home/apt,2,1.0,1 bath,1.0,92.0,5,4.4,4.0,4.2,4.6,4.8,4.0
An Artful Hotel,90,18.0,Manhattan,40.75436,-73.99391,Private room,2,1.0,1 private bath,1.0,302.0,16,4.63,4.81,4.75,4.81,4.63,4.69
Albert,98,9.0,Manhattan,40.80859989651688,-73.95400820240744,Entire home/apt,4,1.0,1 bath,1.0,168.0,9,4.67,4.67,4.67,4.56,4.78,4.67
Rafael,80,5.0,Brooklyn,40.71075,-73.96164,Entire home/apt,3,1.0,1 bath,1.0,95.0,56,4.61,4.57,4.41,4.7,4.8,4.66
Diego,100,2.0,Queens,40.71966,-73.90185,Private room,4,1.5,1.5 baths,1.0,80.0,66,4.88,4.87,4.87,4.87,4.72,4.81
Aka Times Square,100,18.0,Manhattan,40.75595,-73.98326,Entire home/apt,3,1.0,1 bath,1.0,508.0,5,4.8,4.6,4.4,5.0,4.8,4.6
Alyson,52,1.0,Brooklyn,40.6819299959871,-73.99278031586914,Private room,1,1.0,1 shared bath,1.0,90.0,12,4.75,5.0,4.75,5.0,5.0,4.92
Coco,0,1.0,Queens,40.76707,-73.86577,Entire home/apt,5,2.0,2 baths,4.0,164.0,20,4.55,4.55,4.75,4.85,4.8,4.6
Cassi,100,7.0,Brooklyn,40.68727,-73.96857,Entire home/apt,4,2.0,2 baths,3.0,297.0,10,5.0,4.9,5.0,5.0,5.0,4.8
Aamer,96,26.0,Manhattan,40.74545,-73.98232,Private room,2,1.0,1 private bath,1.0,80.0,2,4.5,4.5,4.5,4.5,4.5,4.5
Sunhwa,75,1.0,Manhattan,40.72639,-73.98351,Entire home/apt,2,1.5,1.5 baths,1.0,195.0,24,4.96,4.88,4.92,5.0,4.96,4.79
Timothy,100,1.0,Manhattan,40.80911,-73.94317,Entire home/apt,3,1.0,1 bath,2.0,136.0,25,4.92,4.96,4.96,5.0,4.88,4.96
Aimee,95,1.0,Queens,40.75708,-73.92669,Entire home/apt,2,1.0,1 bath,1.0,120.0,261,4.89,4.9,4.93,4.96,4.91,4.85
Philipp,50,1.0,Manhattan,40.79268373013725,-73.96774792942705,Private room,1,1.0,1 shared bath,1.0,69.0,1,4.0,3.0,2.0,5.0,4.0,4.0
Jeremy,61,5.0,Brooklyn,40.66239,-73.9618,Entire home/apt,4,1.0,1 bath,1.0,117.0,10,5.0,4.9,4.9,5.0,4.7,4.9
Neil,100,2.0,Brooklyn,40.68641,-73.94076,Entire home/apt,4,1.0,1 bath,2.0,109.0,230,4.7,4.77,4.69,4.91,4.65,4.69
Laura Adriana,57,8.0,Brooklyn,40.63833,-74.01671,Entire home/apt,1,1.0,1 bath,1.0,45.0,2,4.0,4.0,4.0,4.5,4.0,4.5
Spring,100,2.0,Manhattan,40.73385,-73.98593,Private room,3,1.0,1 shared bath,0.0,120.0,111,4.42,4.59,4.5,4.74,4.84,4.45
Jinx,100,3.0,Manhattan,40.76294,-73.99475,Private room,1,1.0,1 shared bath,1.0,100.0,5,5.0,4.8,5.0,5.0,5.0,5.0
Raymond,100,5.0,Brooklyn,40.66128,-73.99054,Entire home/apt,6,1.0,1 bath,3.0,425.0,108,4.93,4.94,4.96,5.0,4.88,4.82
Monique,88,4.0,Brooklyn,40.64018149913662,-73.93451242222118,Private room,2,1.0,1 private bath,1.0,118.0,3,5.0,5.0,5.0,5.0,4.67,5.0
The Box House Hotel,99,40.0,Brooklyn,40.73777,-73.95366,Hotel room,2,1.0,1 private bath,1.0,189.0,31,4.87,4.97,4.94,4.87,4.87,4.77
Sol,85,14.0,Manhattan,40.78258,-73.94507,Entire home/apt,3,1.0,1 bath,0.0,87.0,7,4.86,4.71,4.29,5.0,5.0,4.71
Frank,100,3.0,Queens,40.67964,-73.84401,Private room,2,1.0,1 shared bath,1.0,80.0,12,4.5,4.75,4.83,4.42,4.58,4.17
Murat,100,6.0,Brooklyn,40.69279327701032,-73.93098865103161,Private room,2,1.0,1 shared bath,1.0,329.0,7,5.0,5.0,5.0,5.0,4.57,5.0
Dr.Julien,52,91.0,Brooklyn,40.66087,-73.93555,Private room,2,1.0,1 shared bath,1.0,65.0,5,4.4,4.4,4.4,3.8,4.2,3.8
Global Luxury Suites,99,1430.0,Bronx,40.80989,-73.93061,Entire home/apt,2,1.0,1 bath,1.0,153.0,24,4.46,4.63,4.75,4.38,4.25,4.46
Dominik,100,5.0,Manhattan,40.7191,-73.9834,Entire home/apt,4,1.5,1.5 baths,2.0,291.0,178,4.83,4.83,4.83,4.89,4.68,4.69
Joanna,92,2.0,Brooklyn,40.68725854751372,-73.91322826493997,Private room,6,1.0,1 private bath,2.0,200.0,34,4.85,4.85,4.82,4.91,4.82,4.79
Raymond,96,3.0,Brooklyn,40.65941721823564,-73.99427665485419,Entire home/apt,6,1.0,1 bath,3.0,291.0,8,5.0,5.0,5.0,4.88,5.0,5.0
Gisele,100,37.0,Manhattan,40.78136,-73.98408,Entire home/apt,4,1.0,1 bath,2.0,125.0,8,4.88,5.0,4.88,4.75,5.0,4.63
Cyn,100,1.0,Manhattan,40.78582,-73.94878,Private room,1,1.0,1 shared bath,1.0,65.0,14,4.71,4.71,4.86,4.71,4.93,4.71
Natalie Jane,100,5.0,Manhattan,40.76317395359346,-73.95672729626466,Entire home/apt,2,2.0,2 baths,1.0,280.0,1,5.0,5.0,5.0,5.0,5.0,5.0
Joshua,100,5.0,Manhattan,40.77688,-73.96108,Entire home/apt,2,1.0,1 bath,1.0,77.0,8,5.0,5.0,5.0,5.0,5.0,4.63
Saint,100,1.0,Manhattan,40.7946,-73.94867,Private room,3,1.0,1 shared bath,1.0,85.0,318,4.83,4.89,4.73,4.94,4.73,4.78
Mari,88,2.0,Manhattan,40.78192689947972,-73.97302295062573,Entire home/apt,2,1.0,1 bath,1.0,116.0,104,4.73,4.88,4.79,4.87,4.93,4.67
Nadya,33,9.0,Staten Island,40.62814,-74.08666,Private room,2,2.0,2 shared baths,1.0,52.0,46,4.78,4.96,4.67,4.78,4.74,4.85
Amine,77,3.0,Brooklyn,40.63567,-73.94716,Entire home/apt,5,2.0,2 baths,3.0,189.0,7,5.0,4.71,4.86,5.0,4.57,4.71
O,14,3.0,Brooklyn,40.69236,-73.99234,Entire home/apt,2,1.0,1 bath,1.0,295.0,12,4.83,4.83,4.92,5.0,5.0,4.75
Julia,89,2.0,Brooklyn,40.7032023331574,-73.9150888359613,Entire home/apt,2,1.0,1 bath,1.0,85.0,4,4.5,5.0,4.75,5.0,4.75,4.75
June,72,1433.0,Manhattan,40.82206,-73.95484,Private room,1,0.0,0 shared baths,1.0,63.0,1,5.0,4.0,5.0,5.0,5.0,5.0
Nat,94,55.0,Manhattan,40.7926,-73.97491,Entire home/apt,1,1.0,1 bath,0.0,74.0,1,5.0,4.0,5.0,5.0,5.0,5.0
Arlene,92,3.0,Queens,40.67057,-73.7756,Private room,8,1.0,1 shared bath,3.0,100.0,17,4.94,4.82,4.94,4.94,4.59,4.88
Ingrid,91,2.0,Queens,40.59262,-73.78894,Entire home/apt,2,0.0,0 baths,0.0,40.0,230,4.84,4.82,4.54,4.94,4.7,4.66
Stanley,83,3.0,Brooklyn,40.69284,-73.97452,Entire home/apt,4,2.0,2 baths,1.0,235.0,45,4.82,4.89,4.44,4.96,4.98,4.82
Jessica,90,3.0,Manhattan,40.71886,-73.99021,Entire home/apt,1,1.0,1 bath,1.0,118.0,4,4.75,5.0,5.0,5.0,5.0,4.75
Jianfeng,99,2.0,Brooklyn,40.69644,-73.92897,Private room,2,1.0,1 shared bath,1.0,81.0,100,4.78,4.77,4.83,4.79,4.5,4.76
Michael,79,2.0,Brooklyn,40.57837,-73.96549,Entire home/apt,2,1.0,1 bath,1.0,139.0,11,4.73,4.64,4.64,4.82,4.73,4.73
Arafat,99,2.0,Brooklyn,40.67931409132167,-73.88183833664125,Entire home/apt,5,1.0,1 bath,2.0,134.0,11,4.18,4.55,4.18,3.82,4.36,4.09
Eugene,18,825.0,Brooklyn,40.64956,-73.95461,Private room,1,2.0,2 shared baths,1.0,36.0,2,5.0,5.0,5.0,5.0,5.0,5.0
Rod,97,15.0,Manhattan,40.71436,-73.98945,Entire home/apt,2,1.0,1 bath,1.0,200.0,4,4.75,4.5,5.0,4.75,4.5,4.75
B,66,10.0,Manhattan,40.82027,-73.94625,Entire home/apt,2,1.0,1 bath,0.0,175.0,8,4.88,4.75,4.88,4.63,5.0,5.0
Ron,95,2.0,Manhattan,40.79627998914019,-73.93328594092024,Entire home/apt,12,4.5,4.5 baths,4.0,629.0,4,5.0,5.0,5.0,5.0,5.0,4.75
Eliyahu,100,3.0,Brooklyn,40.67035196535254,-73.92417252537012,Entire home/apt,10,4.0,4 baths,5.0,349.0,7,4.57,4.71,4.57,4.86,4.57,4.43
Kristina,38,35.0,Brooklyn,40.70048,-73.91977,Shared room,1,2.0,2 shared baths,1.0,23.0,2,2.5,3.5,3.0,3.0,4.0,3.0
Agnes,95,2.0,Manhattan,40.8238,-73.94444,Private room,2,1.5,1.5 baths,1.0,45.0,680,4.71,4.69,4.74,4.82,4.64,4.72
Jesus,100,4.0,Queens,40.74521522523271,-73.91510831402071,Entire home/apt,4,1.0,1 bath,0.0,73.0,1,5.0,5.0,5.0,5.0,5.0,5.0
Roberto Carlos,100,4.0,Manhattan,40.84022,-73.93587,Private room,2,1.0,1 shared bath,1.0,90.0,2,5.0,5.0,4.5,5.0,4.5,5.0
Steven,88,6.0,Manhattan,40.82022268787563,-73.9458042383194,Entire home/apt,3,1.0,1 bath,1.0,65.0,2,5.0,5.0,5.0,5.0,5.0,4.5
Robbin,100,2.0,Brooklyn,40.7217,-73.94205,Entire home/apt,2,1.0,1 bath,1.0,159.0,164,4.91,4.94,4.95,4.91,4.82,4.77
Giana,100,8.0,Brooklyn,40.64655,-73.90024,Private room,2,1.0,1 shared bath,1.0,90.0,1,5.0,5.0,3.0,5.0,5.0,5.0
Tom,19,21.0,Brooklyn,40.71076880862915,-73.95001798290936,Private room,1,1.0,1 shared bath,2.0,185.0,2,5.0,5.0,5.0,5.0,5.0,5.0
Angela,96,23.0,Queens,40.56807,-73.86946,Private room,2,1.0,1 bath,1.0,150.0,10,5.0,5.0,4.9,5.0,4.9,5.0
Sunny,97,3.0,Queens,40.74616,-73.87483,Private room,2,2.0,2 shared baths,1.0,50.0,78,4.91,4.9,4.86,4.96,4.76,4.86
Kaz,78,366.0,Queens,40.74993,-73.8783,Private room,1,1.0,1 shared bath,1.0,38.0,9,4.89,4.78,4.56,4.89,4.67,4.44
Esther,0,2.0,Manhattan,40.7464,-74.00024,Entire home/apt,2,1.0,1 bath,0.0,270.0,23,4.87,4.83,4.87,4.96,4.96,4.48
Heidi,71,1.0,Manhattan,40.80652,-73.94709,Entire home/apt,2,1.0,1 bath,1.0,130.0,33,4.88,4.88,4.97,4.73,4.67,4.82
M Mainul,90,3.0,Queens,40.76523,-73.87308,Private room,2,1.0,1 shared bath,1.0,32.0,67,4.67,4.82,4.67,4.88,4.7,4.81
Philip,100,6.0,Brooklyn,40.66487,-73.93006,Entire home/apt,12,2.0,2 baths,5.0,410.0,50,4.78,4.86,4.74,4.88,4.5,4.76
NYC Paradise Pool OaSiS,100,1.0,Queens,40.67323,-73.77715,Entire home/apt,4,1.0,1 bath,2.0,83.0,247,4.9,4.93,4.95,4.95,4.83,4.86
Leonel,100,3.0,Queens,40.76557,-73.9283,Private room,1,1.0,1 shared bath,1.0,80.0,21,4.9,4.86,4.81,4.9,4.76,4.71
Barry,50,47.0,Manhattan,40.77651,-73.98135,Entire home/apt,2,1.0,1 bath,1.0,160.0,9,4.89,4.89,5.0,5.0,5.0,4.89
Constantino,100,1.0,Brooklyn,40.72982333368435,-73.95975335337035,Entire home/apt,6,2.0,2 baths,2.0,850.0,4,5.0,5.0,5.0,4.75,5.0,4.5
Aminul,96,9.0,Brooklyn,40.66762,-73.89573,Private room,2,2.0,2 shared baths,1.0,45.0,17,4.65,4.71,4.53,4.71,4.53,4.41
Paul And Debra,100,1.0,Brooklyn,40.68176,-73.99473,Private room,2,1.0,1 private bath,2.0,240.0,113,4.83,4.88,4.76,4.98,4.98,4.72
Akash,90,1.0,Brooklyn,40.67472,-73.95492,Entire home/apt,4,2.0,2 baths,2.0,275.0,24,4.79,4.88,4.67,5.0,4.75,4.83
Wassim & Heather,100,1.0,Brooklyn,40.70866,-73.94245,Entire home/apt,2,1.0,1 bath,1.0,210.0,4,5.0,5.0,5.0,5.0,5.0,5.0
Eddie,99,7.0,Manhattan,40.86065,-73.93507,Entire home/apt,2,1.0,1 bath,1.0,99.0,36,4.75,4.79,4.59,5.0,4.68,4.76
Momoyo,80,299.0,Queens,40.7413,-73.89735,Shared room,2,1.0,1 shared bath,1.0,30.0,4,3.5,3.25,3.75,4.5,3.25,3.0
Anna,100,7.0,Manhattan,40.72308,-73.98148,Private room,1,1.0,1 shared bath,1.0,60.0,1,4.0,3.0,5.0,5.0,2.0,4.0
Urban Furnished,69,357.0,Manhattan,40.7706801,-73.9573166,Entire home/apt,6,2.0,2 baths,3.0,286.0,1,5.0,5.0,5.0,5.0,5.0,5.0
Frank Marcel,99,2.0,Brooklyn,40.66874,-73.9152,Private room,2,2.0,2 shared baths,1.0,55.0,60,4.82,4.82,4.75,4.73,4.48,4.78
Stephany,100,1.0,Queens,40.72122,-73.75003,Entire home/apt,4,1.0,1 bath,1.0,88.0,63,4.81,4.83,4.79,4.86,4.75,4.79
Margrethe,77,1.0,Brooklyn,40.73283,-73.95617,Entire home/apt,2,1.0,1 bath,1.0,284.0,82,4.99,4.98,4.98,4.99,4.95,4.78
Wahid,99,3.0,Staten Island,40.63711,-74.1694,Private room,2,1.5,1.5 shared baths,1.0,65.0,21,4.71,4.65,4.5,4.75,4.5,4.55
Mike,100,1.0,Queens,40.70723,-73.78656,Private room,2,1.0,1 private bath,1.0,99.0,9,5.0,4.89,4.89,5.0,4.78,4.78
Usquire,68,72.0,Queens,40.70904244691897,-73.8033758833597,Entire home/apt,2,1.0,1 bath,1.0,83.0,4,5.0,4.75,5.0,5.0,4.75,4.25
Paulo,22,2.0,Queens,40.76797,-73.91625,Private room,2,1.0,1 shared bath,1.0,100.0,77,4.92,4.91,4.87,4.95,4.88,4.85
Luis Enrique,99,22.0,Brooklyn,40.68275,-73.91218,Private room,2,1.0,1 shared bath,1.0,36.0,4,3.75,4.0,3.75,4.5,4.75,4.0
Johny,50,6.0,Brooklyn,40.68418,-73.94205,Entire home/apt,6,2.0,2 baths,3.0,115.0,4,5.0,5.0,4.75,5.0,4.0,5.0
Tom,98,28.0,Manhattan,40.80832,-73.95533,Entire home/apt,1,1.0,1 bath,0.0,150.0,69,4.83,4.94,4.84,4.91,4.88,4.78
Reservation Desk,97,26.0,Manhattan,40.73492,-73.98454,Private room,2,4.0,4 shared baths,1.0,70.0,11,4.45,4.64,4.55,4.91,5.0,4.55
Lola,0,3.0,Queens,40.76524,-73.92071,Entire home/apt,2,1.0,1 bath,1.0,125.0,1,5.0,5.0,5.0,5.0,5.0,5.0
Noomi,91,38.0,Manhattan,40.742603,-73.997589,Entire home/apt,3,1.0,1 bath,1.0,198.0,9,4.78,4.56,4.67,4.89,5.0,4.0
Ray,0,1.0,Brooklyn,40.68953,-73.95903,Entire home/apt,3,1.0,1 bath,1.0,96.0,92,4.91,4.86,4.81,4.98,4.74,4.88
Travis,98,6.0,Brooklyn,40.67992,-73.93789,Entire home/apt,2,1.0,1 bath,1.0,239.0,213,4.91,4.88,4.91,4.92,4.67,4.8
Shaun,100,1.0,Brooklyn,40.684106056650094,-73.93760979629516,Entire home/apt,6,2.5,2.5 baths,2.0,357.0,2,5.0,5.0,4.5,5.0,4.0,4.0
Eliza,100,67.0,Manhattan,40.74616,-73.98669,Private room,2,1.0,1 shared bath,1.0,53.0,26,4.27,4.46,4.04,4.5,4.77,4.38
Emma,72,20.0,Brooklyn,40.68193664439512,-73.91849881216237,Private room,4,1.0,1 bath,1.0,185.0,9,5.0,5.0,5.0,4.78,4.67,4.89
Ted,100,3.0,Manhattan,40.721359,-73.993668,Entire home/apt,3,1.0,1 bath,1.0,155.0,37,4.56,4.65,4.43,4.81,4.73,4.35
Carla,80,8.0,Manhattan,40.83286,-73.93891,Private room,1,1.0,1 shared bath,1.0,52.0,1,5.0,5.0,5.0,5.0,4.0,5.0
Irie,86,5.0,Manhattan,40.809044458939134,-73.94314010354046,Private room,2,1.0,1 shared bath,1.0,63.0,1,5.0,5.0,5.0,5.0,5.0,5.0
Mohammed,89,6.0,Queens,40.6740055224731,-73.8596499872085,Private room,2,1.0,1 shared bath,1.0,45.0,6,5.0,5.0,5.0,5.0,5.0,5.0
Geoffrey,81,1.0,Queens,40.67589,-73.85781,Private room,2,1.0,1 private bath,1.0,89.0,256,5.0,4.99,5.0,4.99,4.87,4.96
Oumar,79,6.0,Bronx,40.85976,-73.90179,Entire home/apt,2,1.0,1 bath,1.0,189.0,15,4.87,4.93,4.8,5.0,4.4,4.53
Ivann,100,2.0,Queens,40.74768482711784,-73.92406812676047,Private room,2,1.0,1 shared bath,1.0,99.0,42,4.62,4.86,4.64,4.74,4.81,4.62
Hiroki,88,372.0,Brooklyn,40.70401,-73.94201,Private room,2,1.0,1 shared bath,1.0,40.0,2,4.0,4.0,4.0,4.0,4.0,4.5
Boris,95,2.0,Brooklyn,40.64402,-73.99751,Entire home/apt,3,1.0,1 bath,0.0,110.0,173,4.88,4.92,4.8,4.95,4.76,4.87
Travis,93,2.0,Brooklyn,40.6606056,-73.9843229,Entire home/apt,4,1.0,1 bath,2.0,300.0,51,4.96,4.86,4.88,4.96,4.96,4.84
Paula,100,2.0,Manhattan,40.83023,-73.9421,Entire home/apt,4,2.0,2 baths,2.0,315.0,79,4.77,4.89,4.54,4.87,4.66,4.75
Artie,95,1.0,Manhattan,40.82287,-73.93766,Entire home/apt,6,1.0,1 bath,2.0,230.0,6,4.33,4.83,4.67,4.67,4.83,4.67
Kwabena,86,1.0,Manhattan,40.7887535,-73.9473969,Entire home/apt,2,1.0,1 bath,0.0,240.0,19,4.95,4.95,4.95,5.0,4.58,4.95
Vadim,100,3.0,Brooklyn,40.69316,-73.94386,Private room,3,1.0,1 shared bath,2.0,199.0,79,4.86,4.87,4.87,4.89,4.76,4.74
Jeniffer,90,77.0,Manhattan,40.71868,-73.99371,Entire home/apt,2,1.0,1 bath,0.0,125.0,21,4.48,4.71,4.62,4.43,4.81,4.33
Blueground,97,5313.0,Manhattan,40.7383733,-73.9967525,Entire home/apt,2,1.0,1 bath,1.0,280.0,1,5.0,5.0,5.0,5.0,5.0,5.0
Zoya,40,1.0,Manhattan,40.75735,-73.99174,Entire home/apt,4,1.0,1 bath,1.0,350.0,4,4.75,5.0,4.5,5.0,4.75,5.0
Derek,30,1.0,Brooklyn,40.6631,-73.99349,Entire home/apt,2,1.0,1 bath,1.0,145.0,16,4.56,4.63,4.56,4.69,4.5,4.56
Eliza,100,67.0,Manhattan,40.7465,-73.98868,Private room,2,1.0,1 shared bath,1.0,47.0,1,5.0,5.0,5.0,5.0,5.0,5.0
Stavros,77,9.0,Manhattan,40.71933,-73.99168,Entire home/apt,4,1.0,1 bath,4.0,180.0,1,4.0,5.0,5.0,5.0,5.0,4.0
Laramie,73,11.0,Brooklyn,40.68972,-73.91512,Private room,2,1.0,1 shared bath,1.0,114.0,219,4.84,4.88,4.67,4.96,4.74,4.82
Ibrahim,100,1.0,Manhattan,40.721518,-73.9850044,Private room,2,2.0,2 shared baths,2.0,369.0,4,5.0,5.0,4.75,5.0,4.75,5.0
Jeniffer,38,161.0,Manhattan,40.76509,-73.99464,Entire home/apt,4,1.0,1 bath,2.0,125.0,2,4.5,4.5,4.5,4.5,4.5,4.5
Stay With Vibe,74,330.0,Manhattan,40.71879,-73.99751,Entire home/apt,2,1.0,1 bath,1.0,121.0,15,4.47,4.6,4.0,4.67,4.87,4.0
Marco,97,3.0,Queens,40.74299990000001,-73.8978841,Private room,2,1.0,1 shared bath,1.0,45.0,15,4.8,4.87,4.67,4.87,4.87,4.67
Stay With Vibe,74,330.0,Manhattan,40.74218,-73.97835,Entire home/apt,2,1.0,1 bath,1.0,110.0,18,4.44,4.56,4.44,4.67,4.56,4.28
Wismick,100,1.0,Brooklyn,40.625278,-73.9114,Entire home/apt,4,1.0,1 bath,2.0,187.0,29,4.72,4.72,4.83,4.86,4.72,4.59
Tiffany,98,28.0,Manhattan,40.75201,-73.99502,Entire home/apt,2,1.0,1 bath,1.0,628.0,32,4.56,4.59,4.53,4.66,4.81,4.34
Sunlight,100,3.0,Manhattan,40.73258,-73.99958,Entire home/apt,4,1.0,1 bath,1.0,350.0,16,4.81,4.88,4.75,5.0,5.0,4.69
Lance,80,3.0,Brooklyn,40.69539,-73.94954,Entire home/apt,1,1.0,1 bath,1.0,121.0,109,4.98,4.99,4.99,4.97,4.83,4.93
Kevin,33,1.0,Brooklyn,40.70269,-73.9873,Entire home/apt,2,1.0,1 bath,1.0,80.0,16,4.69,4.88,3.81,5.0,5.0,4.88
Anthony,81,1.0,Brooklyn,40.6824674579386,-73.95452586254555,Entire home/apt,8,2.5,2.5 baths,4.0,245.0,51,4.94,4.96,4.86,4.96,4.73,4.92
Heaven,100,1.0,Brooklyn,40.69477104041609,-73.971175219574,Entire home/apt,3,2.0,2 baths,1.0,230.0,3,5.0,5.0,5.0,5.0,4.0,4.67
Anyplace,68,119.0,Manhattan,40.74122,-73.99389,Entire home/apt,2,1.0,1 bath,1.0,281.0,5,5.0,4.8,4.4,4.8,4.8,3.8
Ron,86,1.0,Manhattan,40.74828,-73.9917,Entire home/apt,2,1.0,1 bath,1.0,220.0,153,4.96,4.97,4.92,4.99,4.98,4.86
Veronika,92,3.0,Queens,40.694937672777904,-73.9037485367896,Entire home/apt,4,1.0,1 bath,1.0,160.0,6,5.0,5.0,5.0,5.0,5.0,5.0
Elyse,86,2.0,Queens,40.596597286627286,-73.80298613252377,Private room,2,1.0,1 shared bath,1.0,127.0,3,5.0,5.0,5.0,5.0,5.0,4.67
Urban Furnished,69,357.0,Manhattan,40.7749268,-73.9481632,Entire home/apt,3,1.0,1 bath,0.0,131.0,1,5.0,5.0,4.0,5.0,5.0,4.0
India,100,2.0,Brooklyn,40.70639592773135,-73.91922727900233,Entire home/apt,5,1.0,1 bath,2.0,257.0,15,4.8,4.86,4.79,4.79,4.86,4.71
Ted,95,60.0,Manhattan,40.72828,-73.97978,Entire home/apt,2,1.0,1 bath,1.0,150.0,1,5.0,5.0,5.0,5.0,5.0,5.0
Jonathan,100,5.0,Staten Island,40.63651,-74.08917,Private room,2,1.0,1 private bath,1.0,51.0,37,4.65,4.59,4.62,4.84,4.32,4.54
Diely,97,7.0,Brooklyn,40.62838,-73.92566,Entire home/apt,6,1.0,1 bath,2.0,75.0,22,4.64,4.55,4.82,4.95,4.55,4.55
Ryan,100,4.0,Brooklyn,40.70109,-73.9193,Private room,2,1.0,1 shared bath,1.0,1500.0,10,4.1,4.56,4.0,5.0,4.67,4.78
Fenix,71,28.0,Manhattan,40.7214556,-73.9944242,Entire home/apt,2,1.0,1 bath,1.0,91.0,4,5.0,5.0,4.75,4.75,5.0,4.75
RoomPicks By Victoria,98,8912.0,Manhattan,40.76117177874937,-73.98749227908868,Hotel room,2,1.0,1 bath,1.0,100.0,1,4.0,5.0,5.0,4.0,5.0,5.0
Diara,90,3.0,Brooklyn,40.70105511962361,-73.92601385825935,Entire home/apt,4,1.0,1 bath,2.0,150.0,6,5.0,5.0,4.83,4.67,5.0,5.0
Eduard Gabriel,83,2.0,Bronx,40.86258,-73.89878,Private room,2,1.0,1 shared bath,1.0,91.0,13,4.92,5.0,5.0,5.0,4.92,5.0
Yogi,96,4.0,Brooklyn,40.67518,-73.9111,Entire home/apt,4,1.0,1 bath,2.0,105.0,2,3.0,3.0,3.0,3.0,2.5,3.0
Stella,100,4.0,Manhattan,40.76596,-73.98947,Private room,2,1.0,1 bath,1.0,113.0,39,4.26,4.33,3.85,4.64,4.72,4.26
Tracey,55,8.0,Queens,40.67332625094362,-73.78031550425838,Private room,2,1.0,1 private bath,1.0,83.0,68,4.83,4.9,4.77,4.87,4.74,4.72
Jorge,95,1.0,Brooklyn,40.68413,-73.92309,Entire home/apt,2,1.0,1 bath,1.0,110.0,12,5.0,5.0,5.0,5.0,4.67,5.0
Hudson River,100,26.0,Manhattan,40.755268,-73.997353,Private room,4,1.0,1 private bath,1.0,201.0,13,3.92,4.31,3.85,4.38,4.54,4.08
Jasvir,68,4.0,Queens,40.76216,-73.88219,Entire home/apt,6,1.0,1 bath,2.0,95.0,73,4.45,4.56,4.58,4.56,4.49,4.42
Jeniffer,38,161.0,Manhattan,40.76411,-73.99371,Entire home/apt,3,1.0,1 bath,0.0,85.0,14,4.71,4.93,4.43,4.93,4.57,4.43
Hadar,0,2.0,Brooklyn,40.65352,-73.96186,Entire home/apt,4,1.0,1 bath,2.0,120.0,13,4.31,4.46,3.69,4.77,4.69,4.31
Hansem Stay,99,6.0,Manhattan,40.76749,-73.98491,Entire home/apt,5,1.0,1 bath,2.0,120.0,6,4.83,4.83,4.67,5.0,5.0,4.0
Michael,77,3.0,Brooklyn,40.68305105097518,-73.93355912185035,Entire home/apt,2,1.0,1 bath,1.0,189.0,9,5.0,5.0,5.0,5.0,5.0,4.89
Feginse,100,3.0,Bronx,40.85584544409778,-73.90070501936484,Private room,2,1.0,1 bath,1.0,61.0,43,4.93,4.95,4.91,4.98,4.7,4.93
Tonie,92,1.0,Brooklyn,40.68975,-73.94359,Entire home/apt,6,1.5,1.5 baths,2.0,375.0,86,4.86,4.97,4.86,4.99,4.76,4.83
Amir,65,17.0,Manhattan,40.7567525,-73.9656742,Entire home/apt,2,1.0,1 bath,0.0,110.0,2,4.5,4.5,4.5,5.0,5.0,4.5
Beaubelle,100,1.0,Manhattan,40.719345104975496,-74.01086979886733,Entire home/apt,9,2.0,2 baths,3.0,640.0,1,5.0,5.0,5.0,5.0,5.0,5.0
Valeria,72,10.0,Brooklyn,40.71729,-73.95381,Entire home/apt,4,1.0,1 bath,2.0,170.0,200,4.54,4.68,4.53,4.67,4.95,4.51
Stay With Vibe,74,330.0,Manhattan,40.74003732306674,-73.97895426312797,Entire home/apt,2,1.0,1 bath,1.0,110.0,3,5.0,5.0,5.0,5.0,5.0,4.67
Mohin,97,4.0,Manhattan,40.72224823492312,-73.97740433331978,Entire home/apt,10,1.0,1 bath,3.0,175.0,27,4.52,4.59,4.67,4.59,4.48,4.56
Danielle,63,4.0,Brooklyn,40.71396255493164,-73.95532989501953,Private room,1,1.0,1 private bath,1.0,95.0,3,5.0,5.0,4.67,5.0,4.67,5.0
Ruth,94,39.0,Queens,40.7549,-73.8198,Private room,1,1.0,1 shared bath,1.0,39.0,52,4.77,4.81,4.69,4.81,4.77,4.85
Stanley,95,86.0,Manhattan,40.74826,-73.97709,Entire home/apt,3,1.0,1 bath,1.0,140.0,6,4.83,4.83,4.67,4.83,5.0,4.67
Quality,100,6.0,Queens,40.604,-73.75148,Entire home/apt,2,1.0,1 bath,0.0,100.0,1,4.0,4.0,5.0,5.0,5.0,5.0
Russi,71,14.0,Manhattan,40.74564,-74.00255,Entire home/apt,2,1.0,1 bath,1.0,295.0,6,5.0,5.0,5.0,5.0,5.0,5.0
Success,100,2.0,Brooklyn,40.65074,-73.93102,Private room,1,1.0,1 shared bath,1.0,65.0,8,4.88,4.88,4.88,5.0,4.75,4.88
Jeniffer,90,77.0,Manhattan,40.71818,-73.99534,Entire home/apt,2,1.0,1 bath,0.0,147.0,38,4.76,4.87,4.76,4.71,4.87,4.61
Nesva Hotel,100,15.0,Queens,40.75272,-73.93404,Private room,2,1.0,1 shared bath,1.0,263.0,11,4.0,3.82,4.36,4.18,4.36,4.0
The Frederick Hotel,83,8.0,Manhattan,40.71657,-74.00981,Private room,2,1.0,1 private bath,1.0,582.0,1,4.0,3.0,4.0,5.0,5.0,5.0
Shauna,97,8.0,Brooklyn,40.60281927117305,-73.99594826100589,Private room,2,2.0,2 baths,1.0,200.0,14,4.93,4.93,4.79,5.0,4.93,4.79
David,100,97.0,Queens,40.7786378,-73.9072683,Private room,2,2.0,2 shared baths,1.0,50.0,20,4.85,5.0,4.55,5.0,4.9,4.9
Tristan,100,5.0,Queens,40.76374,-73.90884,Entire home/apt,6,2.0,2 baths,3.0,125.0,185,4.41,4.51,3.97,4.86,4.64,4.51
María Del Carmen,40,1.0,Brooklyn,40.71561982184664,-73.96636679033364,Entire home/apt,4,1.0,1 bath,1.0,440.0,2,5.0,5.0,4.5,5.0,5.0,4.5
Court,100,6.0,Queens,40.66331,-73.81327,Private room,2,2.0,2 baths,3.0,407.0,13,4.08,4.08,4.92,4.54,4.31,4.23
Haydee,59,3.0,Brooklyn,40.64158,-74.01115,Private room,2,1.0,1 bath,1.0,120.0,117,4.72,4.85,4.87,4.66,4.59,4.7
Gisele,100,37.0,Manhattan,40.76235,-73.9614,Entire home/apt,4,1.0,1 bath,2.0,125.0,7,4.71,5.0,4.29,4.86,4.86,4.57
Shanna-Lee,100,3.0,Queens,40.65354,-73.74365,Entire home/apt,2,1.0,1 bath,1.0,125.0,27,4.74,4.85,4.96,4.74,4.7,4.63
Hadiza,91,2.0,Manhattan,40.79247621273738,-73.93845615880652,Entire home/apt,4,1.0,1 bath,1.0,115.0,30,4.57,4.8,4.27,4.9,4.67,4.73
Eliana,64,3.0,Queens,40.76491,-73.91843,Private room,2,1.0,1 shared bath,1.0,101.0,11,4.82,4.91,4.91,5.0,4.91,4.73
Michael,52,164.0,Manhattan,40.76593738229668,-73.98409595771311,Entire home/apt,4,1.0,1 bath,2.0,107.0,1,2.0,1.0,1.0,1.0,4.0,1.0
Kennedy,100,3.0,Queens,40.754854190040014,-73.8035882014206,Entire home/apt,6,2.0,2 baths,2.0,198.0,175,4.8,4.8,4.8,4.93,4.76,4.77
Sandra,60,1.0,Bronx,40.86764,-73.85626,Entire home/apt,3,1.0,1 bath,3.0,185.0,13,5.0,4.92,5.0,5.0,4.69,4.92
PIMG Housing,98,13.0,Manhattan,40.79394,-73.97205,Entire home/apt,5,1.0,1 bath,3.0,370.0,7,4.57,4.71,4.43,4.86,4.86,4.71
Boomerang,99,59.0,Manhattan,40.739386,-73.9969947,Entire home/apt,4,1.0,1 bath,1.0,223.0,2,5.0,5.0,5.0,5.0,5.0,4.0
Anibal,100,6.0,Queens,40.74192,-73.91214,Private room,4,1.0,1 shared bath,1.0,66.0,125,4.82,4.76,4.68,4.84,4.84,4.72
Blueground,97,5313.0,Manhattan,40.77595,-73.95559,Entire home/apt,2,1.0,1 bath,0.0,192.0,1,4.0,5.0,4.0,4.0,5.0,3.0
Leo,91,14.0,Brooklyn,40.70851122487478,-73.95039563163428,Private room,1,2.0,2 baths,1.0,63.0,1,3.0,1.0,4.0,5.0,5.0,3.0
Maria,89,3.0,Brooklyn,40.732061877588215,-73.95773626411398,Entire home/apt,2,1.0,1 bath,1.0,125.0,324,4.66,4.84,4.77,4.86,4.89,4.7
Yolanda,50,3.0,Queens,40.69439,-73.86454,Private room,2,1.0,1 shared bath,1.0,60.0,88,4.7,4.66,4.54,4.89,4.42,4.63
June,72,1433.0,Manhattan,40.7760674590741,-73.94475744526758,Private room,1,0.0,0 shared baths,1.0,66.0,1,4.0,5.0,3.0,2.0,4.0,3.0
Althea,92,4.0,Brooklyn,40.66949,-73.94939,Entire home/apt,3,1.0,1 bath,2.0,185.0,132,4.82,4.87,4.82,4.94,4.7,4.74
Joe,0,4.0,Brooklyn,40.72965,-73.95426,Entire home/apt,2,1.0,1 bath,1.0,222.0,4,4.0,4.0,3.75,4.25,5.0,4.25
Kizzie,90,6.0,Brooklyn,40.6613,-73.95365,Entire home/apt,1,1.0,1 bath,1.0,105.0,32,4.63,4.59,4.59,4.81,4.81,4.59
Maurice,100,10.0,Brooklyn,40.67795,-73.95192,Entire home/apt,2,1.0,1 bath,1.0,153.0,2,5.0,5.0,5.0,5.0,5.0,5.0
Kong,100,5.0,Queens,40.75431319262263,-73.81500749076906,Private room,2,1.0,1 private bath,1.0,89.0,29,5.0,4.97,4.97,4.9,4.69,4.86
Danny,100,3.0,Manhattan,40.78809541381412,-73.95140222011955,Private room,2,1.0,1 private bath,1.0,89.0,1,5.0,5.0,5.0,5.0,5.0,5.0
Leo,91,14.0,Brooklyn,40.70656,-73.94841,Shared room,1,2.0,2 shared baths,1.0,36.0,1,5.0,5.0,5.0,5.0,5.0,5.0
Inna,68,57.0,Manhattan,40.8004,-73.95452,Entire home/apt,6,1.0,1 bath,4.0,159.0,4,4.75,5.0,5.0,5.0,5.0,4.75
Mohammed,100,15.0,Brooklyn,40.65742,-73.90899,Private room,2,1.5,1.5 shared baths,1.0,40.0,3,3.67,3.67,3.67,3.67,3.67,3.67
Michelle,50,3.0,Queens,40.70563,-73.80523,Entire home/apt,2,1.0,1 bath,1.0,114.0,13,4.92,4.85,4.85,5.0,4.62,4.92
Fritz,99,28.0,Brooklyn,40.65949309576377,-73.89542988793288,Private room,2,2.0,2 shared baths,1.0,81.0,8,4.88,4.88,4.88,5.0,4.88,4.75
Harris,98,3.0,Brooklyn,40.6825141,-73.95999909999999,Entire home/apt,4,2.0,2 baths,2.0,376.0,21,4.95,5.0,5.0,4.9,4.95,4.86
Mauricio Mateo,61,21.0,Queens,40.74695259300921,-73.94913794387942,Entire home/apt,8,1.0,1 bath,2.0,180.0,19,4.58,4.63,4.42,4.58,4.68,4.32
Anne Lise,50,8.0,Manhattan,40.75115,-73.9974,Private room,1,1.0,1 shared bath,1.0,95.0,11,5.0,5.0,5.0,5.0,4.91,4.91
Julia,50,1.0,Brooklyn,40.71164,-73.96108,Entire home/apt,2,1.0,1 bath,1.0,150.0,24,4.48,4.63,4.5,4.58,4.65,4.48
Roshan,80,1.0,Queens,40.7587,-73.88411,Private room,2,1.0,1 bath,1.0,95.0,4,4.75,4.75,4.75,5.0,4.75,4.75
Quamia,100,4.0,Queens,40.69338,-73.73485,Private room,1,1.0,1 shared bath,1.0,97.0,3,5.0,5.0,5.0,5.0,5.0,5.0
Irina,98,17.0,Queens,40.74259,-73.78752,Private room,3,1.0,1 private bath,1.0,107.0,72,4.6,4.71,4.53,4.9,4.77,4.58
Susanna,71,4.0,Brooklyn,40.66278,-73.86049,Entire home/apt,3,1.0,1 bath,2.0,120.0,13,4.85,5.0,5.0,4.69,4.54,4.85
Bond Townhouse,88,10.0,Brooklyn,40.68376,-73.98862,Entire home/apt,4,1.0,1 bath,2.0,600.0,6,4.67,4.67,4.67,5.0,4.33,4.5
Irena,100,6.0,Manhattan,40.73456,-73.99591,Entire home/apt,4,1.5,1.5 baths,2.0,569.0,7,4.86,4.71,4.86,4.86,5.0,4.86
Vincent,100,1.0,Brooklyn,40.66803,-73.86744,Entire home/apt,4,1.0,1 bath,2.0,100.0,1,5.0,5.0,5.0,5.0,4.0,5.0
Danyell,100,3.0,Brooklyn,40.67168,-73.95451,Entire home/apt,2,1.0,1 bath,2.0,120.0,1,3.0,4.0,3.0,5.0,5.0,3.0
Eve,99,4.0,Queens,40.70275,-73.73625,Entire home/apt,4,1.0,1 bath,2.0,79.0,10,4.6,4.5,4.9,4.9,4.7,4.6
Gary,100,30.0,Manhattan,40.75269,-73.97244,Private room,4,1.0,1 private bath,1.0,330.0,2,5.0,5.0,5.0,5.0,5.0,5.0
Berni,100,10.0,Brooklyn,40.68891,-73.97866,Private room,1,1.0,1 shared bath,1.0,53.0,26,4.15,4.46,3.69,4.73,4.88,4.31
Yaisuri,100,6.0,Manhattan,40.74129,-74.00029,Entire home/apt,2,1.0,1 bath,0.0,300.0,13,4.93,4.79,4.86,4.93,4.93,4.43
Historic Blue Moon,99,27.0,Manhattan,40.71805,-73.98906,Entire home/apt,4,1.0,1 bath,1.0,354.0,27,4.67,4.78,4.81,4.78,4.93,4.59
Aamer,96,26.0,Manhattan,40.74519,-73.98087,Private room,4,1.0,1 private bath,1.0,105.0,1,5.0,5.0,5.0,5.0,5.0,5.0
Hans,100,3.0,Manhattan,40.7772,-73.95009,Entire home/apt,10,3.0,3 baths,3.0,999.0,113,4.88,4.83,4.87,4.96,4.96,4.79
MaElena,90,3.0,Manhattan,40.80122,-73.96207,Private room,2,1.0,1 shared bath,1.0,97.0,109,4.92,4.9,4.91,5.0,4.96,4.94
Jeniffer,90,77.0,Manhattan,40.72017,-73.99583,Entire home/apt,2,1.0,1 bath,1.0,141.0,43,4.7,4.88,4.7,4.44,4.77,4.44
Philip,100,6.0,Brooklyn,40.66974,-73.95049,Entire home/apt,8,2.0,2 baths,3.0,317.0,13,4.62,4.77,4.77,4.85,5.0,4.85
Brysen,100,1.0,Brooklyn,40.66726,-73.93059,Private room,3,1.0,1 shared bath,1.0,79.0,238,4.8,4.87,4.76,4.91,4.64,4.79
Sophie,96,4.0,Brooklyn,40.62562942504883,-74.02896881103516,Private room,1,1.0,1 shared bath,1.0,70.0,57,4.98,5.0,4.95,5.0,4.96,4.96
Frankie,82,2.0,Queens,40.75131,-73.85983,Entire home/apt,6,1.0,1 bath,3.0,350.0,16,4.94,5.0,4.88,5.0,4.94,4.88
Michael,98,2.0,Queens,40.67748,-73.7848,Entire home/apt,6,2.0,2 baths,3.0,200.0,54,4.83,4.78,4.76,4.89,4.7,4.72
Jason,100,1.0,Brooklyn,40.71396,-73.94837,Private room,2,1.0,1 private bath,1.0,60.0,100,4.84,4.84,4.83,4.93,4.9,4.93
Silvia,100,2.0,Staten Island,40.57965,-74.1083,Entire home/apt,2,1.0,1 bath,2.0,187.0,17,5.0,5.0,5.0,4.94,4.82,4.94
Dolores,100,2.0,Manhattan,40.81923,-73.95248,Entire home/apt,4,1.0,1 bath,2.0,104.0,25,4.6,4.64,4.36,4.8,4.72,4.48
Pamela,90,3.0,Brooklyn,40.68956,-73.95535,Private room,2,1.0,1 shared bath,1.0,75.0,245,4.7,4.77,4.76,4.89,4.74,4.64
Ana,100,3.0,Manhattan,40.7366,-73.98675,Entire home/apt,2,1.0,1 bath,0.0,190.0,8,4.88,5.0,4.88,4.75,5.0,4.88
Paradise Suites,43,41.0,Manhattan,40.76096,-73.96089,Entire home/apt,2,1.0,1 bath,1.0,124.0,11,4.91,4.91,4.82,4.82,4.73,4.45
Jeniffer,90,77.0,Manhattan,40.72034,-73.99387,Entire home/apt,2,1.0,1 bath,0.0,150.0,27,4.48,4.78,4.78,4.22,4.67,4.3
Annabel,95,2.0,Queens,40.76065,-73.88469,Entire home/apt,2,1.0,1 bath,0.0,119.0,61,4.97,4.97,4.98,4.95,4.74,4.82
Anthony And Elle,71,22.0,Manhattan,40.75757,-73.96757,Entire home/apt,3,1.0,1 bath,1.0,200.0,2,5.0,5.0,5.0,5.0,5.0,5.0
Ben&Rachel,84,12.0,Brooklyn,40.66279,-73.93981,Entire home/apt,3,1.0,1 bath,2.0,250.0,28,4.75,4.79,4.86,4.93,4.64,4.71
Henry Norman,88,19.0,Brooklyn,40.72889,-73.94397,Entire home/apt,2,1.0,1 bath,0.0,261.0,50,4.86,4.94,4.96,4.94,4.58,4.78
Wei,99,2.0,Queens,40.780562658976734,-73.84290810312837,Entire home/apt,2,1.0,1 bath,1.0,129.0,15,4.73,4.8,4.8,4.93,4.67,4.73
Halil,100,2.0,Queens,40.77359,-73.90955,Private room,1,1.0,1 shared bath,1.0,104.0,30,4.9,4.87,4.57,4.97,4.87,4.77
Edgar,100,2.0,Brooklyn,40.69602,-73.96182,Private room,2,1.0,1 shared bath,1.0,80.0,390,4.91,4.94,4.88,4.95,4.67,4.87
Vacation,100,3.0,Manhattan,40.760337416093314,-73.99971820513393,Entire home/apt,5,2.0,2 baths,2.0,1750.0,1,5.0,5.0,5.0,5.0,5.0,5.0
Valentin,100,1.0,Queens,40.76926609548129,-73.92614371337355,Private room,3,1.0,1 shared bath,1.0,107.0,17,4.88,4.94,4.88,4.94,5.0,4.76
Jeremy,98,28.0,Manhattan,40.72561,-73.98815,Entire home/apt,1,1.0,1 bath,0.0,145.0,7,5.0,5.0,5.0,4.86,4.57,4.57
Nat,94,55.0,Manhattan,40.85244,-73.9289,Entire home/apt,3,1.0,1 bath,2.0,75.0,7,4.43,4.43,4.14,4.71,3.71,4.29
Christopher,98,15.0,Bronx,40.83494,-73.91801,Private room,1,1.0,1 shared bath,1.0,40.0,7,4.43,4.71,4.43,4.57,4.43,4.43
Julia,100,2.0,Staten Island,40.61533,-74.16451,Private room,4,1.0,1 private bath,1.0,99.0,11,5.0,4.91,5.0,5.0,4.73,4.82
Rick,100,6.0,Manhattan,40.76862,-73.98513,Entire home/apt,8,2.0,2 baths,3.0,1095.0,4,5.0,5.0,5.0,5.0,5.0,4.75
Shamair,100,6.0,Brooklyn,40.67096,-73.89321,Private room,2,1.0,1 private bath,0.0,99.0,18,4.72,4.67,4.5,4.89,4.5,4.5
Fad,26,62.0,Manhattan,40.76639,-73.98949,Entire home/apt,5,2.0,2 baths,2.0,306.0,3,4.67,4.33,4.67,4.67,5.0,4.33
Maggie,100,2.0,Brooklyn,40.69212,-73.93272,Private room,2,1.0,1 private bath,1.0,130.0,140,4.79,4.89,4.84,4.92,4.57,4.7
Cielo,96,2.0,Queens,40.75708,-73.8948,Private room,2,1.0,1 shared bath,1.0,70.0,4,4.75,4.75,4.5,5.0,4.75,4.5
Gladwyn,100,6.0,Brooklyn,40.63069,-73.8959,Private room,2,1.0,1 private bath,1.0,110.0,39,5.0,4.97,4.97,5.0,4.9,4.95
Eliza,100,67.0,Manhattan,40.7469,-73.98691,Private room,2,0.0,0 shared baths,1.0,53.0,31,4.32,4.55,4.29,4.42,4.87,4.35
Sonder (NYC),100,758.0,Manhattan,40.74295,-73.99012,Private room,2,1.0,1 private bath,0.0,260.0,21,4.33,4.57,4.43,4.38,4.81,4.24
Shawn,98,3.0,Brooklyn,40.65772,-73.89141,Entire home/apt,16,2.0,2 baths,6.0,574.0,17,4.88,4.94,4.88,4.94,4.65,4.82
Nathan,43,58.0,Manhattan,40.75944,-73.98904,Entire home/apt,4,1.0,1 bath,0.0,120.0,6,4.83,5.0,4.83,5.0,4.5,4.5
Bryan,96,5.0,Queens,40.76793,-73.86642,Private room,1,1.0,1 bath,1.0,65.0,38,4.71,4.66,4.5,4.82,4.74,4.76
Isa,0,4.0,Manhattan,40.7287,-73.98532,Entire home/apt,4,1.0,1 bath,2.0,450.0,6,4.83,5.0,4.5,5.0,4.83,4.83
Stellamaris,82,7.0,Bronx,40.87657,-73.85722,Private room,1,1.0,1 shared bath,1.0,51.0,3,5.0,5.0,5.0,5.0,5.0,5.0
Nathan,43,58.0,Manhattan,40.72722,-74.00205,Entire home/apt,4,1.0,1 bath,0.0,142.0,8,5.0,5.0,4.75,4.75,5.0,4.38
Stanley,95,86.0,Manhattan,40.74844,-73.97572,Hotel room,3,1.0,1 bath,1.0,160.0,1,5.0,5.0,5.0,5.0,5.0,5.0
Avi,86,148.0,Manhattan,40.77147,-73.95464,Entire home/apt,3,1.0,1 bath,0.0,105.0,3,5.0,5.0,5.0,4.67,4.67,4.33
Magda & Ian,0,2.0,Brooklyn,40.66562,-73.98385,Entire home/apt,2,1.0,1 bath,1.0,175.0,5,5.0,5.0,5.0,5.0,5.0,5.0
MedHousing,99,35.0,Bronx,40.843850680917946,-73.90867970374957,Private room,1,1.0,1 shared bath,1.0,55.0,5,4.6,4.8,4.6,4.8,4.4,4.8
Kaz,78,366.0,Queens,40.74482,-73.9066,Private room,1,1.0,1 shared bath,1.0,39.0,10,4.8,4.9,4.8,4.9,4.7,4.1
Grant,99,13.0,Manhattan,40.71776261937139,-73.98352808786075,Entire home/apt,2,1.0,1 bath,1.0,70.0,25,4.24,4.6,4.12,4.68,4.08,4.12
Samuel,76,13.0,Brooklyn,40.6829397,-73.9286371,Entire home/apt,2,1.0,1 bath,1.0,200.0,12,5.0,5.0,4.83,4.92,4.67,4.83
Boomerang,100,36.0,Brooklyn,40.67628231326392,-73.97853996422258,Entire home/apt,3,1.0,1 bath,1.0,169.0,4,4.75,5.0,5.0,5.0,4.75,4.75
Isabel,100,1.0,Brooklyn,40.6545025,-73.9487716,Entire home/apt,2,1.0,1 bath,1.0,132.0,1,5.0,5.0,5.0,5.0,5.0,5.0
Olabimpe,100,3.0,Brooklyn,40.68934,-73.9293,Private room,2,1.0,1 shared bath,1.0,52.0,33,4.21,4.35,4.18,4.29,4.38,4.06
Shane,100,1.0,Brooklyn,40.6275,-73.9006,Private room,2,1.0,1 private bath,1.0,85.0,93,4.86,4.89,4.94,4.87,4.66,4.86
Michael,100,1.0,Manhattan,40.82989,-73.94834,Private room,2,1.0,1 shared bath,1.0,79.0,50,4.9,4.98,4.96,4.94,4.78,4.9
Rosana,91,9.0,Brooklyn,40.63685,-74.03614,Entire home/apt,2,1.0,1 bath,1.0,68.0,40,4.64,4.77,4.64,4.9,4.59,4.51
Orna,58,2.0,Brooklyn,40.67634,-73.97666,Entire home/apt,2,1.0,1 bath,0.0,220.0,10,4.8,4.7,4.6,4.8,4.9,4.6
Derek,58,13.0,Brooklyn,40.59310098641597,-73.94106102116203,Private room,1,1.0,1 bath,1.0,28.0,1,5.0,5.0,5.0,5.0,5.0,5.0
Kamil,95,1.0,Brooklyn,40.71843,-73.96069,Entire home/apt,2,1.0,1 bath,2.0,199.0,203,4.91,4.93,4.96,4.95,4.96,4.86
Palmer,100,1.0,Brooklyn,40.67283255596144,-73.95406102947494,Private room,2,1.0,1 shared bath,2.0,225.0,1,5.0,5.0,5.0,5.0,5.0,5.0
SoHoBlu,99,23.0,Manhattan,40.7181,-74.00159,Private room,4,1.0,1 private bath,1.0,138.0,218,4.56,4.58,4.52,4.71,4.6,4.34
Kai,100,2.0,Manhattan,40.7395278256511,-73.98203745629407,Entire home/apt,3,1.0,1 bath,1.0,396.0,8,5.0,5.0,5.0,5.0,5.0,5.0
Jaye (And Spike),100,1.0,Brooklyn,40.66159,-73.98685,Private room,2,1.5,1.5 shared baths,1.0,68.0,148,4.89,4.94,4.82,4.95,4.87,4.88
Nin,100,10.0,Brooklyn,40.723267,-73.949821,Entire home/apt,5,2.5,2.5 baths,3.0,336.0,1,5.0,5.0,5.0,5.0,5.0,5.0
An Artful Hotel,90,18.0,Manhattan,40.75436,-73.99391,Private room,2,1.0,1 private bath,1.0,214.0,20,4.45,4.35,4.7,4.5,4.65,4.35
Chad Antonio,95,2.0,Brooklyn,40.67103,-73.8784,Entire home/apt,5,2.0,2 baths,3.0,130.0,25,4.84,4.92,4.92,4.8,4.63,4.72
Daniel,69,16.0,Manhattan,40.78051,-73.97697,Entire home/apt,3,1.5,1.5 baths,1.0,100.0,10,5.0,5.0,4.9,5.0,5.0,5.0
Jeniffer,38,161.0,Manhattan,40.76566,-73.98969,Entire home/apt,2,1.0,1 bath,0.0,100.0,5,4.4,4.6,4.8,4.8,5.0,4.4
Collen,94,2.0,Brooklyn,40.71805,-73.95851,Entire home/apt,2,1.0,1 bath,1.0,149.0,119,4.83,4.83,4.78,4.8,4.97,4.78
Vk,100,39.0,Manhattan,40.75331,-73.99555,Private room,8,1.0,1 private bath,0.0,514.0,27,4.81,4.81,4.52,4.74,4.78,4.81
Executive Hotel Le Soleil NY,95,12.0,Manhattan,40.7503612,-73.98549,Private room,2,1.0,1 private bath,1.0,258.0,2,5.0,5.0,5.0,4.5,5.0,5.0
Sonder (NYC),100,758.0,Manhattan,40.75019,-73.97924,Private room,2,1.0,1 bath,1.0,255.0,129,4.54,4.49,4.59,4.58,4.87,4.41
Glendon,0,2.0,Brooklyn,40.66166,-73.88776,Entire home/apt,2,1.0,1 bath,1.0,132.0,6,3.17,3.83,4.67,3.17,2.67,3.5
Viki,98,2.0,Brooklyn,40.68533,-73.99775,Private room,2,1.0,1 private bath,2.0,300.0,352,4.96,4.91,4.95,4.97,4.97,4.84
Alex,98,2.0,Queens,40.70289,-73.90662,Private room,1,1.0,1 shared bath,1.0,69.0,128,4.9,4.91,4.91,4.95,4.74,4.91
Marcia,100,1.0,Brooklyn,40.66039,-73.95681,Private room,2,1.0,1 private bath,1.0,143.0,44,5.0,5.0,5.0,5.0,4.95,4.98
Barbara,100,3.0,Manhattan,40.78991,-73.9415,Private room,1,1.0,1 shared bath,1.0,198.0,27,4.89,4.89,4.78,4.93,4.56,4.74
Jen,91,3.0,Brooklyn,40.66584,-73.97927,Entire home/apt,4,1.0,1 bath,2.0,200.0,168,4.92,4.9,4.89,4.98,4.98,4.84
Lamee,0,4.0,Brooklyn,40.68825,-73.93507,Entire home/apt,5,2.0,2 baths,3.0,117.0,13,4.54,4.46,4.54,4.85,4.46,4.69
Joshua,100,5.0,Manhattan,40.77796,-73.96073,Entire home/apt,2,1.0,1 bath,1.0,107.0,8,5.0,4.88,5.0,5.0,5.0,4.75
Mineva,100,4.0,Queens,40.67932,-73.82349,Private room,2,1.0,1 shared bath,1.0,72.0,24,4.67,4.54,4.63,4.83,4.63,4.63
Julio,87,7.0,Bronx,40.81876,-73.92691,Private room,2,1.0,1 bath,1.0,115.0,11,4.36,4.18,4.36,4.18,4.0,4.09
Jessica,92,2.0,Manhattan,40.84291,-73.94269,Private room,1,1.0,1 shared bath,1.0,40.0,6,5.0,5.0,4.83,5.0,4.83,4.83
Roy,93,1.0,Brooklyn,40.6663502,-73.8898571,Private room,2,1.0,1 shared bath,1.0,117.0,34,4.82,4.82,4.94,4.88,4.71,4.85
Michael,55,7.0,Queens,40.596875,-73.7772899,Private room,2,1.0,1 private bath,1.0,32.0,1,5.0,5.0,5.0,5.0,5.0,5.0
Cat,80,3.0,Brooklyn,40.68361,-73.92496,Entire home/apt,2,1.0,1 bath,1.0,100.0,65,4.95,4.98,4.97,4.97,4.69,4.83
Nat,94,55.0,Manhattan,40.73864136579774,-73.99879316890649,Entire home/apt,4,1.0,1 bath,2.0,210.0,4,5.0,5.0,4.75,5.0,5.0,4.75
Dorothy,90,10.0,Queens,40.65718,-73.73669,Private room,2,1.0,1 shared bath,1.0,95.0,67,4.97,4.99,5.0,4.94,4.88,4.93
Dimitri,95,1.0,Brooklyn,40.69944,-73.91946,Private room,1,1.0,1 shared bath,1.0,92.0,72,4.93,4.93,4.9,4.93,4.82,4.89
Monica,99,2.0,Manhattan,40.83794418056533,-73.93994331986492,Entire home/apt,6,1.0,1 bath,2.0,192.0,83,4.77,4.78,4.8,4.94,4.52,4.73
Outpost Club,62,15.0,Brooklyn,40.69037,-73.94345,Private room,1,2.0,2 baths,1.0,40.0,2,4.5,4.0,4.0,4.0,3.5,4.5
Rainnie,100,1.0,Manhattan,40.75951,-73.99583,Entire home/apt,2,1.0,1 bath,1.0,300.0,5,5.0,5.0,5.0,5.0,5.0,5.0
Marc,99,2.0,Queens,40.65577,-73.73272,Entire home/apt,8,2.0,2 baths,3.0,258.0,82,4.88,4.84,4.88,4.93,4.8,4.8
Lamee,0,4.0,Brooklyn,40.68774,-73.93654,Entire home/apt,2,1.0,1 bath,1.0,105.0,61,4.51,4.75,4.77,4.87,4.1,4.67
Geralde,96,10.0,Queens,40.69387,-73.76859,Entire home/apt,2,1.0,1 bath,0.0,117.0,388,4.9,4.94,4.95,4.95,4.84,4.88
Anastasia,100,6.0,Brooklyn,40.68930169958648,-73.87234568991197,Private room,1,1.0,1 shared bath,1.0,47.0,48,4.85,4.81,4.79,4.98,4.56,4.83
Vk,100,39.0,Manhattan,40.75279,-73.99508,Private room,2,1.0,1 private bath,0.0,263.0,12,4.67,4.83,4.75,4.83,4.75,4.58
Stacy And Tyler,100,5.0,Manhattan,40.798267,-73.964378,Private room,2,2.0,2 shared baths,1.0,138.0,33,4.97,4.97,4.94,4.97,4.91,4.88
Umazi,96,1.0,Manhattan,40.816982509603065,-73.93865750166098,Entire home/apt,3,1.0,1 bath,0.0,130.0,6,5.0,5.0,5.0,5.0,4.67,5.0
Darell,100,1.0,Brooklyn,40.65758,-73.95432,Entire home/apt,6,2.0,2 baths,3.0,325.0,52,4.96,4.88,5.0,4.94,4.87,4.79
Roy,100,2.0,Brooklyn,40.68250379892109,-73.92319429713152,Entire home/apt,2,1.0,1 bath,0.0,95.0,24,4.29,4.63,4.21,4.58,4.46,4.21
Miriam,100,2.0,Brooklyn,40.63511,-73.98985,Entire home/apt,6,2.0,2 baths,3.0,330.0,192,4.87,4.91,4.95,4.97,4.59,4.74
Billy,97,1.0,Queens,40.68674,-73.76876,Entire home/apt,10,1.0,1 bath,3.0,178.0,68,4.71,4.68,4.71,4.91,4.63,4.66
Chris&Suly,100,1.0,Queens,40.74505,-73.88255,Entire home/apt,4,1.0,1 bath,1.0,85.0,164,4.48,4.67,4.4,4.79,4.69,4.51
Marie,100,2.0,Brooklyn,40.72614,-73.95116,Private room,2,1.0,1 private bath,1.0,240.0,16,4.81,4.88,5.0,4.88,5.0,4.75
David,100,3.0,Brooklyn,40.68566,-73.96781,Entire home/apt,2,1.0,1 bath,1.0,150.0,111,4.85,4.86,4.59,4.93,4.92,4.75
Gisele,100,37.0,Manhattan,40.76214,-73.9613,Entire home/apt,4,1.0,1 bath,2.0,125.0,6,5.0,5.0,4.83,5.0,5.0,4.83
Amy,58,27.0,Manhattan,40.79815,-73.96232,Entire home/apt,3,1.0,1 bath,1.0,150.0,14,4.21,4.43,4.29,4.5,4.71,4.43
Hiroki,88,372.0,Queens,40.72926110317711,-73.87523203399408,Private room,1,1.0,1 shared bath,1.0,30.0,2,5.0,5.0,5.0,5.0,5.0,5.0
Arica,100,1.0,Brooklyn,40.6806037,-73.89502499999999,Entire home/apt,10,3.0,3 baths,4.0,320.0,13,4.31,4.31,4.46,4.77,4.38,4.38
Mariame,100,3.0,Bronx,40.82018,-73.90302,Private room,2,1.5,1.5 shared baths,1.0,86.0,5,4.4,4.2,4.4,4.8,4.8,4.6
Gladwyn,100,6.0,Brooklyn,40.63085,-73.89699,Private room,2,1.0,1 private bath,1.0,130.0,51,4.94,4.94,4.94,4.98,4.96,4.9
Simona,83,3.0,Brooklyn,40.67464,-73.95024,Private room,1,1.0,1 shared bath,1.0,61.0,15,4.87,5.0,5.0,5.0,4.73,5.0
Michael,52,164.0,Manhattan,40.75593,-73.99528,Entire home/apt,2,1.0,1 bath,0.0,90.0,1,5.0,5.0,5.0,5.0,5.0,5.0
David,99,3.0,Queens,40.59414,-73.79372,Entire home/apt,6,1.0,1 bath,2.0,96.0,23,4.61,4.61,4.74,4.74,4.22,4.65
Lyndon,87,4.0,Brooklyn,40.72150705748606,-73.94278072326503,Entire home/apt,2,1.5,1.5 baths,3.0,614.0,10,5.0,5.0,5.0,5.0,4.78,4.78
Jeniffer,38,161.0,Manhattan,40.76732,-73.98788,Entire home/apt,2,1.0,1 bath,0.0,100.0,9,4.78,4.78,4.67,4.67,4.67,4.33
Address In NYC,100,38.0,Manhattan,40.80245,-73.96519,Entire home/apt,7,2.0,2 baths,4.0,396.0,3,5.0,4.67,5.0,4.67,4.67,4.67
Heather,100,2.0,Brooklyn,40.67496,-73.87161,Entire home/apt,5,1.0,1 bath,2.0,160.0,77,4.91,4.96,4.88,4.95,4.47,4.86
Elena,53,3.0,Manhattan,40.75178876039786,-73.98650486773681,Private room,1,1.0,1 shared bath,2.0,110.0,6,4.83,5.0,4.83,5.0,5.0,4.33
The Local Stay,81,78.0,Manhattan,40.77477,-73.95365,Entire home/apt,3,1.0,1 bath,0.0,92.0,7,4.86,5.0,4.71,5.0,5.0,4.43
Harvin,96,23.0,Brooklyn,40.68734973429973,-73.93303380189371,Entire home/apt,6,1.5,1.5 baths,1.0,130.0,19,4.95,4.94,4.78,5.0,4.89,4.83
Jonathan,100,1.0,Queens,40.76109740499372,-73.91960818152441,Entire home/apt,2,1.0,1 bath,1.0,192.0,19,4.79,4.95,4.63,5.0,4.95,4.79
Perry,100,3.0,Brooklyn,40.6811,-73.94043,Entire home/apt,3,1.0,1 bath,0.0,155.0,43,4.75,4.86,4.82,4.89,4.57,4.68
Kartika,89,1.0,Queens,40.74284,-73.88073,Private room,2,1.0,1 shared bath,1.0,68.0,177,4.85,4.86,4.66,4.95,4.9,4.86
Joann,96,9.0,Brooklyn,40.61832,-74.0082,Entire home/apt,2,1.0,1 bath,0.0,150.0,6,4.33,4.33,4.83,4.33,4.5,4.5
Adam,69,2.0,Manhattan,40.76176,-74.00036,Entire home/apt,2,1.0,1 bath,0.0,130.0,11,4.91,5.0,4.91,5.0,4.91,4.82
Telmo,100,10.0,Brooklyn,40.70071,-73.91287,Entire home/apt,2,1.0,1 bath,1.0,73.0,5,4.6,4.8,4.6,5.0,5.0,4.8
Briana,71,13.0,Brooklyn,40.69226802853953,-73.9461215474425,Private room,2,1.0,1 bath,1.0,55.0,1,5.0,5.0,5.0,5.0,5.0,5.0
Louise,25,3.0,Brooklyn,40.67876,-74.01266,Entire home/apt,4,1.0,1 bath,1.0,200.0,29,5.0,5.0,5.0,5.0,4.86,5.0
Benjamin,76,26.0,Brooklyn,40.66619,-73.99366,Entire home/apt,5,1.0,1 bath,3.0,206.0,12,4.67,4.58,4.92,4.83,4.75,4.67
Jenny,97,4.0,Brooklyn,40.69394,-73.95221,Entire home/apt,3,1.0,1 bath,2.0,120.0,100,4.64,4.82,4.41,4.92,4.71,4.64
Jorge,99,7.0,Queens,40.76411395622188,-73.93874704518902,Private room,1,1.0,1 shared bath,1.0,43.0,20,4.4,4.7,4.4,4.75,4.2,4.6
Avraham,100,12.0,Brooklyn,40.67387822792973,-73.93105175346136,Entire home/apt,15,2.0,2 baths,5.0,430.0,9,4.44,4.88,5.0,5.0,4.75,4.88
Valentina,100,3.0,Brooklyn,40.71721,-73.95995,Entire home/apt,3,1.0,1 bath,0.0,215.0,155,4.77,4.8,4.65,4.66,4.98,4.61
Lucas And Natasha,100,7.0,Queens,40.77467,-73.91877,Private room,2,2.0,2 shared baths,1.0,103.0,18,4.89,4.83,4.94,4.89,4.89,4.67
Christopher,96,2.0,Brooklyn,40.6765278,-73.925867,Entire home/apt,5,1.0,1 bath,2.0,175.0,36,4.72,4.81,4.72,4.92,4.25,4.58
Liqin,99,9.0,Queens,40.75792,-73.8193,Private room,2,1.0,1 private bath,1.0,112.0,139,4.88,4.93,4.96,4.94,4.65,4.8
Joshua,100,2.0,Brooklyn,40.63827,-74.0164,Private room,1,1.0,1 shared bath,1.0,40.0,30,4.8,4.77,4.63,4.93,4.9,4.77
Momoyo,80,299.0,Manhattan,40.851756334939175,-73.94003065208166,Private room,1,1.0,1 shared bath,1.0,38.0,1,5.0,5.0,5.0,5.0,5.0,5.0
Tony,97,3.0,Manhattan,40.74697296939259,-74.00178397023312,Private room,2,1.0,1 private bath,1.0,144.0,126,4.57,4.5,3.94,4.76,4.93,4.54
Eskander,100,10.0,Bronx,40.84561,-73.86301,Entire home/apt,8,1.0,1 bath,4.0,159.0,6,3.83,3.5,3.5,4.17,3.67,4.17
Joshua,96,4.0,Brooklyn,40.6746995812202,-73.90871769116475,Private room,2,1.0,1 shared bath,1.0,90.0,11,4.64,4.91,4.55,4.91,4.0,4.55
Ethan,64,8.0,Manhattan,40.73204,-73.98921,Entire home/apt,3,1.0,1 bath,1.0,500.0,18,4.83,4.83,4.78,4.83,5.0,4.72
Jerry & Lynn,66,32.0,Manhattan,40.75244,-73.97121,Entire home/apt,5,1.0,1 bath,2.0,210.0,1,5.0,5.0,5.0,5.0,5.0,5.0
Koichi,98,24.0,Manhattan,40.7336,-73.98767,Private room,3,1.0,1 bath,1.0,65.0,79,4.39,4.49,4.33,4.65,4.81,4.42
Karen,100,6.0,Bronx,40.87027519999999,-73.8386786,Private room,3,1.0,1 private bath,1.0,120.0,29,4.55,4.59,4.83,4.9,4.52,4.31
Sara,88,4.0,Manhattan,40.73681,-73.98111,Entire home/apt,4,1.0,1 bath,1.0,187.0,16,5.0,4.94,4.88,5.0,4.94,4.81
Natalie,93,18.0,Brooklyn,40.64982,-73.92977,Entire home/apt,4,1.0,1 bath,2.0,180.0,16,4.81,4.69,4.75,4.81,4.56,4.69
John,94,1.0,Manhattan,40.718957843583055,-73.98530069229996,Entire home/apt,5,2.0,2 baths,3.0,584.0,1,5.0,5.0,5.0,5.0,5.0,5.0
Farrel,0,1.0,Brooklyn,40.64196,-73.92883,Entire home/apt,5,1.0,1 bath,1.0,500.0,1,5.0,5.0,5.0,5.0,5.0,5.0
Rupinder,96,1.0,Queens,40.7646657,-73.882025,Entire home/apt,3,1.0,1 bath,2.0,171.0,30,4.67,4.5,4.77,4.93,4.47,4.63
Kazeem,97,1.0,Queens,40.6811111,-73.7890264,Private room,2,1.0,1 private bath,1.0,118.0,11,4.64,4.64,4.73,4.82,4.36,4.45
Sam,99,7.0,Brooklyn,40.60767,-73.99714,Entire home/apt,2,1.0,1 bath,1.0,95.0,54,4.67,4.8,4.64,4.75,4.62,4.62
Sophie,96,4.0,Brooklyn,40.62562942504883,-74.02896881103516,Private room,1,1.0,1 shared bath,1.0,65.0,73,5.0,4.99,4.97,4.96,4.84,4.95
Alan,100,3.0,Manhattan,40.75726482226138,-73.99239898112613,Entire home/apt,4,1.0,1 bath,1.0,300.0,1,5.0,5.0,5.0,5.0,5.0,5.0
Quinten,98,5.0,Brooklyn,40.67245778086581,-73.94842873161726,Entire home/apt,2,1.0,1 bath,1.0,120.0,10,4.5,4.8,4.3,4.8,4.9,4.6
Vakho,100,1.0,Brooklyn,40.70524,-73.9301,Private room,1,1.0,1 bath,1.0,71.0,1,5.0,5.0,5.0,5.0,5.0,5.0
Rita,99,6.0,Bronx,40.82469,-73.91286,Private room,2,1.0,1 shared bath,3.0,79.0,10,4.9,4.8,5.0,5.0,4.7,4.9
Charlie,41,1.0,Brooklyn,40.709180566877926,-73.9401284299423,Private room,2,1.0,1 bath,1.0,132.0,11,4.91,5.0,4.82,5.0,4.73,4.73
Jason,91,5.0,Brooklyn,40.70758,-73.94117,Private room,1,1.0,1 shared bath,1.0,150.0,12,5.0,5.0,5.0,5.0,5.0,4.92
D. Christopher,100,2.0,Manhattan,40.79702,-73.94949,Private room,4,1.0,1 shared bath,1.0,74.0,451,4.53,4.58,4.57,4.73,4.62,4.5
Tanesha,97,1.0,Brooklyn,40.69281,-73.91527,Entire home/apt,4,1.0,1 bath,2.0,135.0,71,4.89,4.94,4.99,4.97,4.8,4.82
Rachel,100,3.0,Brooklyn,40.67689733566923,-73.89511810605153,Private room,1,1.0,1 shared bath,1.0,35.0,9,3.22,3.67,3.56,4.22,2.89,3.56
Armande,100,8.0,Manhattan,40.8084,-73.94071,Private room,2,1.0,1 shared bath,1.0,70.0,41,4.76,4.88,4.61,4.9,4.8,4.76
David,99,4.0,Brooklyn,40.67209,-73.90867,Entire home/apt,10,2.0,2 baths,6.0,349.0,29,4.86,4.82,4.79,4.93,4.43,4.71
Ina,94,2.0,Manhattan,40.71913,-73.98842,Private room,1,1.0,1 shared bath,1.0,65.0,55,4.75,4.87,4.87,4.82,4.85,4.75
Noelle,90,10.0,Queens,40.76317,-73.76734,Entire home/apt,4,1.0,1 bath,2.0,145.0,18,4.94,5.0,4.89,5.0,4.94,4.94
Yelena,100,3.0,Queens,40.73361,-73.85461,Entire home/apt,4,1.0,1 bath,2.0,130.0,87,4.77,4.66,4.79,4.83,4.75,4.71
Jerome,70,1.0,Manhattan,40.81555,-73.95338,Private room,1,1.0,1 shared bath,1.0,100.0,59,4.85,4.92,4.86,4.93,4.75,4.8
CozySuites Copake,99,15.0,Manhattan,40.7712,-73.95819,Entire home/apt,3,1.0,1 bath,0.0,117.0,6,4.83,4.83,4.5,4.83,5.0,4.17
Bobby,17,1.0,Manhattan,40.726379,-74.003387,Entire home/apt,2,1.0,1 bath,1.0,275.0,2,5.0,5.0,5.0,5.0,5.0,5.0
Qingming,49,9.0,Brooklyn,40.63834,-74.02568,Private room,1,1.0,1 shared bath,1.0,50.0,3,5.0,4.67,4.67,5.0,4.67,4.33
Kendall,100,1.0,Brooklyn,40.71157,-73.94953,Entire home/apt,4,1.0,1 bath,1.0,362.0,53,4.89,4.89,4.85,4.96,4.92,4.72
Monika,100,2.0,Queens,40.77341079711914,-73.91718292236328,Private room,2,1.0,1 shared bath,1.0,90.0,25,4.76,4.92,4.88,4.96,4.84,4.8
Aissa,25,1.0,Manhattan,40.79753,-73.97056,Entire home/apt,2,2.0,2 baths,0.0,60.0,6,4.17,4.67,3.67,4.83,5.0,4.17
Brett,78,4.0,Manhattan,40.72299,-74.00171,Entire home/apt,6,1.0,1 bath,3.0,599.0,14,4.93,5.0,5.0,5.0,5.0,4.93
Rosa,100,2.0,Queens,40.76555,-73.86753,Private room,1,1.0,1 shared bath,1.0,60.0,507,4.82,4.88,4.84,4.88,4.79,4.83
Ksenia,90,11.0,Brooklyn,40.67779,-73.91676,Private room,4,1.0,1 private bath,2.0,189.0,78,4.86,4.9,4.82,4.97,4.44,4.76
Shaun,99,37.0,Manhattan,40.73838737801034,-73.99363566139849,Entire home/apt,8,3.0,3 baths,3.0,1240.0,2,5.0,5.0,5.0,5.0,5.0,5.0
Caroline,55,8.0,Brooklyn,40.68527,-73.92309,Private room,4,1.0,1 shared bath,1.0,59.0,144,4.43,4.61,4.78,4.44,4.4,4.52
Sonder (NYC),100,758.0,Manhattan,40.74915,-73.97562,Entire home/apt,2,1.0,1 bath,1.0,231.0,22,4.18,4.32,4.36,4.27,4.86,4.23
Ignacio,99,34.0,Manhattan,40.76447,-73.99249,Entire home/apt,2,1.0,1 bath,1.0,99.0,7,4.14,4.14,3.86,4.29,4.43,4.0
Stanley,95,86.0,Manhattan,40.75032,-73.97705,Entire home/apt,1,1.0,1 bath,0.0,100.0,3,4.0,4.67,4.33,4.33,4.67,3.67
Lara,100,3.0,Brooklyn,40.66416,-73.98353,Entire home/apt,2,1.0,1 bath,1.0,140.0,12,4.92,5.0,4.83,5.0,4.92,4.92
Ayodele,98,1.0,Brooklyn,40.67104721069336,-73.93333435058594,Private room,2,1.0,1 private bath,1.0,120.0,114,4.82,4.96,4.86,4.92,4.3,4.86
Denae,79,5.0,Brooklyn,40.67096,-73.92696,Entire home/apt,2,1.0,1 bath,0.0,98.0,77,4.62,4.72,4.57,4.89,4.11,4.57
Amal,100,4.0,Manhattan,40.80769,-73.93822,Entire home/apt,4,1.0,1 bath,1.0,175.0,1,5.0,5.0,5.0,5.0,5.0,5.0
Michelle,90,5.0,Manhattan,40.8103,-73.94372,Private room,2,1.0,1 private bath,1.0,99.0,51,4.98,5.0,4.94,4.96,4.82,4.92
Ala,100,1.0,Brooklyn,40.68599,-73.95874,Entire home/apt,2,1.0,1 bath,1.0,115.0,173,4.68,4.88,4.55,4.92,4.69,4.65
Jerry And Susan,69,7.0,Manhattan,40.779522,-73.951111,Entire home/apt,2,1.0,1 bath,0.0,170.0,44,4.6,4.84,4.71,4.98,5.0,4.42
Haydar,100,7.0,Brooklyn,40.65474528915325,-73.95461727869393,Private room,2,1.0,1 bath,1.0,68.0,13,4.69,4.92,4.54,5.0,4.46,4.77
Evelyn,95,4.0,Bronx,40.89757,-73.85753,Private room,2,1.0,1 shared bath,1.0,89.0,3,5.0,5.0,5.0,5.0,5.0,5.0
Leyssa,90,7.0,Bronx,40.84961734269379,-73.88705778126733,Private room,2,1.0,1 shared bath,1.0,62.0,41,4.85,4.91,4.86,4.88,4.7,4.91
Michael,82,1.0,Brooklyn,40.7224,-73.95531,Entire home/apt,2,1.0,1 bath,0.0,190.0,14,5.0,5.0,5.0,5.0,5.0,4.77
The Box House Hotel,99,40.0,Brooklyn,40.73756,-73.9535,Entire home/apt,4,1.0,1 bath,1.0,249.0,48,4.81,4.96,4.92,4.94,4.63,4.71
Antonio,100,11.0,Queens,40.75267,-73.93123,Private room,2,1.0,1 shared bath,1.0,85.0,44,4.7,4.7,4.73,4.68,4.8,4.64
Your Best,100,1.0,Brooklyn,40.69718,-73.93068,Entire home/apt,6,1.0,1 bath,3.0,233.0,183,4.77,4.77,4.72,4.93,4.73,4.72
Maggie,100,4.0,Brooklyn,40.67914,-73.99889,Entire home/apt,3,1.0,1 bath,1.0,172.0,15,4.8,4.73,4.8,5.0,5.0,4.73
Malca,100,6.0,Queens,40.71832,-73.81386,Private room,1,1.0,1 shared bath,1.0,59.0,17,4.82,4.76,4.94,4.94,4.71,4.53
Jessica,100,3.0,Brooklyn,40.67973,-73.88205,Private room,1,1.0,1 shared bath,1.0,44.0,5,4.6,4.6,4.2,4.8,4.8,4.6
Warminster Investment,96,1.0,Manhattan,40.79616,-73.93416,Entire home/apt,4,1.0,1 bath,2.0,250.0,65,4.46,4.63,4.45,4.66,4.17,4.37
Magdiel,96,7.0,Brooklyn,40.64378,-73.97631,Private room,2,1.5,1.5 shared baths,1.0,44.0,52,4.92,4.85,4.83,4.85,4.73,4.73
Nissim,32,5.0,Manhattan,40.763750159611085,-73.99508354201909,Entire home/apt,2,1.0,1 bath,1.0,95.0,1,5.0,5.0,5.0,5.0,5.0,5.0
Angela,96,23.0,Queens,40.56748,-73.87111,Private room,2,1.0,1 private bath,0.0,150.0,30,5.0,4.93,4.97,4.97,4.9,4.97
Furnished Quarters,100,1013.0,Manhattan,40.74637,-73.99112,Entire home/apt,3,1.0,1 bath,1.0,323.0,2,4.5,4.5,4.5,5.0,4.5,4.0
Jorge,98,6.0,Brooklyn,40.69411,-73.94215,Private room,2,2.5,2.5 shared baths,5.0,71.0,4,4.5,5.0,4.75,5.0,4.25,4.5
Esplanade 99,54,79.0,Manhattan,40.7964,-73.97,Entire home/apt,2,3.0,3 baths,1.0,48.0,1,5.0,4.0,5.0,5.0,5.0,4.0
Chida,99,11.0,Brooklyn,40.64367,-73.98127,Private room,3,1.0,1 shared bath,1.0,49.0,18,4.11,4.28,3.83,4.33,4.33,4.39
Pearline,81,1.0,Brooklyn,40.6461,-73.89435,Private room,2,1.0,1 private bath,1.0,154.0,39,4.87,4.77,4.82,4.87,4.67,4.77
Dadrine,96,10.0,Brooklyn,40.65672,-73.91738,Private room,1,1.0,1 shared bath,1.0,65.0,8,5.0,5.0,5.0,5.0,5.0,5.0
Eskander,100,10.0,Bronx,40.84695,-73.86464,Entire home/apt,7,1.0,1 bath,3.0,159.0,18,4.44,4.67,4.44,4.67,4.72,4.61
Carlos,80,3.0,Brooklyn,40.68982,-73.9265,Private room,1,1.0,1 shared bath,1.0,50.0,66,4.8,4.85,4.67,4.92,4.59,4.82
Abisoye,100,1.0,Queens,40.59469085606677,-73.77884061907577,Private room,2,1.0,1 private bath,2.0,115.0,3,4.67,5.0,4.67,5.0,5.0,5.0
Jason,68,3.0,Brooklyn,40.65362,-74.00206,Private room,2,1.0,1 shared bath,1.0,59.0,7,5.0,5.0,4.71,4.71,4.86,4.86
Rachel And Bart,100,1.0,Brooklyn,40.725231,-73.952904,Entire home/apt,5,1.0,1 bath,2.0,320.0,74,5.0,4.99,5.0,4.97,4.97,4.86
Ziggy & Rome,92,1.0,Brooklyn,40.69479,-73.90953,Entire home/apt,6,1.0,1 bath,2.0,129.0,136,4.88,4.9,4.91,4.98,4.68,4.79
Diana,77,11.0,Queens,40.76912,-73.91336,Private room,2,1.0,1 shared bath,1.0,104.0,17,4.47,4.65,4.59,4.47,4.71,4.35
John,99,2.0,Manhattan,40.7997631,-73.9696417,Private room,1,1.0,1 shared bath,1.0,160.0,31,5.0,5.0,4.97,4.97,4.97,4.88
Camila,8,1.0,Brooklyn,40.71085,-73.96672,Entire home/apt,2,1.0,1 bath,1.0,180.0,11,4.8,4.91,4.27,4.55,4.91,4.64
Lindsey,40,5.0,Manhattan,40.71948,-73.99031,Entire home/apt,2,1.0,1 bath,1.0,200.0,8,5.0,5.0,5.0,5.0,4.88,4.63
Untitled,100,15.0,Manhattan,40.72239,-73.99361,Entire home/apt,2,1.0,1 bath,1.0,216.0,152,4.88,4.89,4.89,4.91,4.9,4.74
Jon,37,2.0,Staten Island,40.57877,-74.11005,Entire home/apt,2,1.0,1 bath,1.0,160.0,21,4.62,4.52,4.76,4.95,5.0,4.48
MedHousing,99,35.0,Bronx,40.8425,-73.90542,Private room,2,1.0,1 private bath,1.0,65.0,4,4.75,4.5,4.5,4.5,4.5,4.5
Crystal,98,5.0,Brooklyn,40.68355,-73.91944,Entire home/apt,7,2.0,2 baths,3.0,180.0,80,4.55,4.65,4.4,4.75,4.39,4.56
Apollo,26,20.0,Manhattan,40.7185,-73.98597,Private room,1,1.0,1 bath,1.0,127.0,8,5.0,4.88,5.0,5.0,4.88,4.88
Cindy,95,11.0,Queens,40.75083,-73.93842,Shared room,2,1.0,1 shared bath,1.0,100.0,2,5.0,5.0,5.0,5.0,5.0,5.0
Eddie,57,1.0,Brooklyn,40.6748,-73.906,Private room,2,1.0,1 shared bath,1.0,95.0,19,4.47,4.67,4.53,4.84,4.11,4.33
Best Inns USA,71,39.0,Manhattan,40.73239239628847,-73.98706314437572,Entire home/apt,2,1.0,1 bath,0.0,90.0,2,4.5,5.0,4.5,5.0,5.0,4.5
Claudia,100,2.0,Brooklyn,40.66142,-73.95133,Private room,2,1.0,1 private bath,1.0,175.0,271,4.89,4.95,4.79,4.96,4.72,4.82
Noomi,91,38.0,Manhattan,40.76381665835775,-73.99388039182016,Entire home/apt,4,1.0,1 bath,2.0,147.0,3,4.33,4.33,4.0,5.0,4.67,3.67
John,100,1.0,Brooklyn,40.61484,-74.0045,Private room,4,1.0,1 shared bath,2.0,136.0,50,4.94,4.96,4.88,4.96,4.76,4.84
Andres,99,4.0,Queens,40.754,-73.92508,Private room,2,1.0,1 shared bath,1.0,75.0,70,4.79,4.86,4.6,4.93,4.64,4.69
Haffro,73,13.0,Manhattan,40.72331,-73.98431,Private room,1,2.0,2 shared baths,1.0,57.0,97,4.88,4.88,4.87,4.97,4.98,4.82
Benjamin,76,26.0,Brooklyn,40.68826,-73.98558,Entire home/apt,4,1.0,1 bath,0.0,179.0,18,4.61,4.83,4.67,5.0,5.0,4.11
Vladimir,64,7.0,Queens,40.742393596026425,-73.78796788983897,Private room,4,1.0,1 shared bath,1.0,106.0,2,5.0,5.0,5.0,5.0,5.0,5.0
Ted,27,3.0,Manhattan,40.75889,-73.96084,Entire home/apt,2,1.0,1 bath,1.0,275.0,2,4.5,5.0,4.0,4.0,5.0,4.5
Gryphon,100,3.0,Manhattan,40.72439,-73.97665,Entire home/apt,2,1.0,1 bath,0.0,110.0,2,3.0,2.5,2.0,4.5,4.0,3.0
Lisa,100,10.0,Manhattan,40.78456922245553,-73.97362369584852,Entire home/apt,15,2.0,2 baths,2.0,514.0,4,4.0,3.25,4.25,3.5,4.75,3.75
Donovan,100,4.0,Brooklyn,40.6867,-73.95701,Private room,2,1.0,1 shared bath,1.0,65.0,60,4.92,4.7,4.9,4.88,4.83,4.84
Stanley,95,86.0,Manhattan,40.74998,-73.97545,Entire home/apt,1,1.0,1 bath,0.0,100.0,12,4.83,4.75,4.75,4.83,4.83,4.58
Just,0,4.0,Brooklyn,40.71468,-73.96263,Entire home/apt,6,2.0,2 baths,3.0,325.0,3,4.67,5.0,5.0,4.67,5.0,4.67
Kila,100,5.0,Brooklyn,40.68976,-73.93912,Private room,2,1.0,1 private bath,1.0,115.0,70,4.9,4.89,4.7,4.93,4.55,4.87
Martin,80,6.0,Manhattan,40.71468,-73.99097,Entire home/apt,4,1.0,1 bath,3.0,220.0,5,5.0,5.0,4.8,5.0,5.0,4.6
Daniela & James,73,31.0,Brooklyn,40.69825,-73.93867,Private room,1,1.0,1 shared bath,1.0,45.0,2,4.0,4.0,4.5,4.0,4.5,4.0
Rebecca And Tommy,100,1.0,Bronx,40.80810090110498,-73.92107614547417,Private room,2,1.0,1 private bath,1.0,129.0,19,4.95,5.0,4.89,5.0,4.74,4.84
Nathan,43,58.0,Manhattan,40.7606,-73.98883,Entire home/apt,4,1.0,1 bath,0.0,170.0,3,5.0,5.0,5.0,5.0,4.67,5.0
Global Luxury Suites,99,1430.0,Bronx,40.809887,-73.93061,Entire home/apt,2,1.0,1 bath,1.0,159.0,8,3.88,4.0,4.25,3.75,3.75,3.0
Gus,91,3.0,Manhattan,40.853073036747226,-73.93351385834735,Entire home/apt,4,1.0,1 bath,2.0,85.0,2,5.0,5.0,5.0,5.0,5.0,5.0
Ludovica,0,4.0,Brooklyn,40.6996798,-73.9291393,Private room,1,1.0,1 shared bath,1.0,150.0,1,4.0,4.0,5.0,4.0,5.0,4.0
Kristina & Evans,0,48.0,Brooklyn,40.73117,-73.95647,Entire home/apt,6,2.0,2 baths,3.0,180.0,2,5.0,5.0,4.0,5.0,5.0,4.0
Christine,100,2.0,Queens,40.669598,-73.793243,Private room,1,1.0,1 shared bath,1.0,148.0,14,4.43,4.57,4.43,4.57,4.5,4.43
Riki,100,1.0,Manhattan,40.76002474505399,-73.99196615240979,Entire home/apt,4,1.0,1 bath,1.0,179.0,13,4.69,4.85,4.77,4.77,4.85,4.85
Kam,84,5.0,Brooklyn,40.64716271872885,-73.9289447888491,Private room,2,1.0,1 shared bath,1.0,45.0,1,4.0,4.0,5.0,4.0,4.0,3.0
Altaf,100,2.0,Queens,40.70332,-73.90116,Private room,2,1.0,1 private bath,2.0,159.0,46,4.76,4.8,4.72,4.87,4.7,4.76
Hiroki,88,372.0,Queens,40.74278,-73.90357,Private room,1,2.0,2 shared baths,1.0,35.0,13,4.08,4.38,3.77,4.38,4.62,3.92
Rashmika,100,1.0,Manhattan,40.72545,-74.00471,Entire home/apt,3,1.0,1 bath,1.0,250.0,4,5.0,5.0,5.0,5.0,5.0,5.0
Judy,92,5.0,Queens,40.75723,-73.83191,Entire home/apt,2,1.0,1 bath,1.0,65.0,150,4.82,4.91,4.81,4.97,4.71,4.77
James,100,1.0,Brooklyn,40.72811,-73.94769,Private room,2,1.0,1 private bath,1.0,121.0,125,4.93,4.98,4.78,4.98,4.95,4.92
Kaz,78,366.0,Queens,40.75078,-73.87964,Private room,1,1.5,1.5 shared baths,1.0,35.0,6,4.83,5.0,4.83,5.0,5.0,4.83
Corey,100,3.0,Brooklyn,40.69374086903221,-73.9477907374757,Entire home/apt,4,1.5,1.5 baths,2.0,363.0,3,5.0,5.0,5.0,5.0,4.67,4.33
Nizar,100,1.0,Bronx,40.874107710014464,-73.87451059901522,Private room,2,1.0,1 shared bath,1.0,70.0,13,4.38,4.46,4.31,4.54,4.69,4.54
Miloš,100,1.0,Manhattan,40.82256,-73.94024,Private room,2,1.0,1 shared bath,1.0,124.0,25,5.0,5.0,4.88,5.0,4.8,4.96
Joann,96,9.0,Brooklyn,40.61822,-74.00802,Entire home/apt,2,1.0,1 bath,1.0,150.0,8,5.0,5.0,4.75,5.0,4.63,4.75
Matt,100,1.0,Manhattan,40.74397,-73.98421,Entire home/apt,9,2.0,2 baths,3.0,642.0,7,4.86,4.86,4.86,5.0,5.0,4.57
Address In NYC,100,38.0,Manhattan,40.79907,-73.96123,Private room,1,2.0,2 shared baths,4.0,130.0,7,4.29,4.71,4.43,4.71,4.57,4.14
Lord Daniel,98,11.0,Brooklyn,40.68582,-73.95151,Private room,1,1.0,1 shared bath,1.0,40.0,84,4.79,4.85,4.49,4.95,4.81,4.75
Raisa,94,3.0,Manhattan,40.74385,-73.99233,Entire home/apt,2,1.0,1 bath,1.0,349.0,7,4.71,4.86,4.57,5.0,5.0,4.71
Carrie,0,5.0,Brooklyn,40.70163,-73.92547,Entire home/apt,3,1.0,1 bath,1.0,160.0,1,4.0,5.0,5.0,5.0,5.0,4.0
Bing,100,19.0,Queens,40.75436,-73.81542,Private room,1,2.0,2 shared baths,1.0,60.0,31,4.42,4.35,3.97,4.81,4.35,4.52
Muhammed,100,6.0,Queens,40.72399,-73.8496,Private room,1,1.0,1 shared bath,1.0,49.0,34,4.76,4.79,4.94,4.74,4.85,4.82
Jeff,100,2.0,Manhattan,40.75735,-73.99343,Entire home/apt,2,1.0,1 bath,1.0,299.0,60,4.93,4.93,4.85,4.98,4.89,4.8
Lena,83,5.0,Brooklyn,40.68717,-73.92016,Private room,1,3.5,3.5 baths,4.0,150.0,4,4.75,4.75,4.75,5.0,4.75,4.75
Yolanda,100,2.0,Brooklyn,40.69070783376869,-73.93676318434919,Private room,1,1.0,1 shared bath,1.0,50.0,50,4.88,4.96,4.94,4.92,4.62,4.78
Rallie,90,2.0,Manhattan,40.7984413,-73.9385309,Private room,2,1.0,1 shared bath,1.0,85.0,56,4.7,4.75,4.63,4.77,4.52,4.66
Aminul,96,9.0,Brooklyn,40.66975,-73.89516,Private room,2,2.0,2 shared baths,1.0,38.0,28,4.75,4.64,4.57,4.89,4.71,4.68
Vanessa,0,2.0,Queens,40.70615,-73.83281,Entire home/apt,6,1.0,1 bath,2.0,175.0,1,3.0,3.0,2.0,2.0,4.0,3.0
Aeysha B And Blas-Off,98,11.0,Brooklyn,40.68724,-73.92087,Private room,3,1.0,1 bath,1.0,58.0,2,5.0,5.0,5.0,5.0,5.0,5.0
Hiroki,88,372.0,Queens,40.75302,-73.87829,Private room,1,1.0,1 shared bath,1.0,30.0,1,5.0,5.0,5.0,5.0,5.0,5.0
HostessWthemostest,100,3.0,Manhattan,40.71746,-73.9834,Entire home/apt,4,1.0,1 bath,2.0,228.0,24,4.75,4.83,4.75,4.63,4.83,4.79
Jon,0,1.0,Manhattan,40.76731,-73.98437,Entire home/apt,2,1.0,1 bath,1.0,180.0,127,4.97,4.99,5.0,5.0,4.97,4.9
Hiroki,88,372.0,Queens,40.73647611005948,-73.8804254450862,Private room,2,1.0,1 shared bath,1.0,34.0,2,4.5,4.0,4.0,4.0,4.0,4.0
Eskander,100,10.0,Queens,40.73689362830624,-73.90229807565167,Private room,2,1.5,1.5 baths,1.0,299.0,27,4.52,4.63,4.56,4.74,4.7,4.48
Juan,87,11.0,Manhattan,40.79181,-73.96755,Entire home/apt,4,1.0,1 bath,1.0,175.0,4,4.25,4.25,4.0,3.75,5.0,3.75
Charlayne,0,1.0,Brooklyn,40.61942,-73.92315,Entire home/apt,5,1.0,1 bath,2.0,125.0,12,4.42,4.42,4.0,4.58,4.0,4.42
Tyler,100,50.0,Manhattan,40.74782,-73.99051,Private room,4,1.0,1 private bath,0.0,999.0,28,4.71,4.79,4.39,4.93,4.93,4.79
Eugenia,91,5.0,Brooklyn,40.67059,-73.92287,Private room,1,3.0,3 shared baths,1.0,56.0,23,4.96,5.0,4.91,5.0,4.57,4.96
Aldee,77,7.0,Manhattan,40.77095,-73.95713,Entire home/apt,3,1.0,1 bath,1.0,299.0,4,5.0,4.5,5.0,5.0,4.75,5.0
Robert,77,2.0,Brooklyn,40.67692,-73.9546,Entire home/apt,4,1.0,1 bath,1.0,180.0,128,4.91,4.95,4.96,4.97,4.82,4.82
Chiron,100,2.0,Brooklyn,40.6341,-73.92686,Entire home/apt,2,1.0,1 bath,1.0,65.0,62,4.76,4.85,4.9,4.92,4.66,4.73
The Manhattan Club,99,11.0,Manhattan,40.76611094466363,-73.98169232445859,Private room,4,1.0,1 bath,1.0,388.0,3,5.0,5.0,5.0,5.0,4.67,5.0
Sonia,100,2.0,Queens,40.76094,-73.87846,Private room,2,1.0,1 private bath,1.0,72.0,664,4.75,4.8,4.81,4.85,4.77,4.74
Hiroki,88,372.0,Queens,40.74862737118549,-73.8949799018096,Private room,1,1.0,1 shared bath,1.0,35.0,1,1.0,1.0,1.0,3.0,1.0,1.0
Jenny,100,3.0,Brooklyn,40.67482,-73.92717,Private room,2,1.0,1 private bath,1.0,180.0,123,4.95,4.93,4.89,4.97,4.48,4.84
Avi,86,148.0,Manhattan,40.76978,-73.95449,Entire home/apt,2,1.0,1 bath,0.0,105.0,1,5.0,5.0,5.0,5.0,5.0,5.0
Suzy,63,2.0,Queens,40.69962,-73.90545,Entire home/apt,2,1.0,1 bath,1.0,95.0,21,4.86,4.86,4.76,5.0,4.76,4.81
The Williamsburg Apartment,100,7.0,Brooklyn,40.71591,-73.95668,Private room,1,1.0,1 shared bath,1.0,150.0,14,4.79,4.79,4.79,5.0,5.0,4.79
Yemi,100,4.0,Brooklyn,40.665,-73.9186,Private room,4,1.0,1 private bath,1.0,79.0,162,4.81,4.92,4.84,4.94,4.44,4.77
Mauricio Mateo,61,21.0,Queens,40.74699633193131,-73.94729062661919,Entire home/apt,6,1.0,1 bath,2.0,180.0,15,4.47,4.47,4.4,4.47,4.87,4.33
Urban Furnished,69,357.0,Manhattan,40.7193634,-73.985112,Entire home/apt,3,1.0,1 bath,1.0,118.0,1,4.0,5.0,3.0,5.0,3.0,3.0
Sebastian,25,1.0,Queens,40.76735995236335,-73.87802145613414,Private room,4,1.0,1 private bath,1.0,120.0,1,5.0,5.0,5.0,5.0,5.0,5.0
Milton,100,17.0,Manhattan,40.8077357445906,-73.94513204043824,Entire home/apt,4,1.0,1 bath,1.0,190.0,32,4.84,4.94,4.9,4.97,4.65,4.77
Zamena,100,2.0,Queens,40.76381,-73.88527,Entire home/apt,6,1.0,1 bath,2.0,179.0,127,4.77,4.77,4.72,4.76,4.74,4.7
Arty,56,3.0,Brooklyn,40.71755,-73.96409,Private room,2,1.0,1 shared bath,1.0,163.0,24,4.4,4.36,4.36,4.6,4.92,4.24
Blueground,97,5313.0,Manhattan,40.7056,-74.00878,Entire home/apt,2,1.0,1 bath,1.0,239.0,1,1.0,5.0,5.0,1.0,5.0,3.0
Diavanna,22,2.0,Brooklyn,40.68904,-73.94377,Entire home/apt,6,2.5,2.5 baths,3.0,260.0,2,5.0,5.0,5.0,5.0,4.5,5.0
Shahid,97,1.0,Queens,40.7598,-73.93228,Private room,2,1.0,1 private bath,1.0,79.0,41,4.27,4.51,3.95,4.61,4.66,4.32
Paul,15,6.0,Manhattan,40.76543,-73.98766,Entire home/apt,2,1.0,1 bath,1.0,109.0,72,4.78,4.86,4.64,4.92,4.93,4.69
Noralea,100,4.0,Brooklyn,40.63842,-73.91609,Private room,2,1.0,1 shared bath,1.0,55.0,41,4.71,4.66,4.66,4.76,4.34,4.68
Shimon,98,3.0,Manhattan,40.76166,-73.9889,Entire home/apt,4,1.0,1 bath,2.0,290.0,45,4.49,4.67,4.29,4.6,4.38,4.4
Mark,91,5.0,Brooklyn,40.678982,-73.981056,Private room,2,1.0,1 private bath,1.0,120.0,55,4.64,4.62,4.67,4.95,4.89,4.62
Historic Blue Moon,99,27.0,Manhattan,40.7186077,-73.9897804,Entire home/apt,4,1.0,1 bath,1.0,370.0,28,4.5,4.43,4.43,4.61,4.79,4.46
Stephany,100,9.0,Brooklyn,40.689240854745705,-73.90656615344243,Entire home/apt,2,1.0,1 bath,1.0,98.0,57,4.86,4.89,4.95,4.93,4.63,4.79
Joseph & Teresa,100,3.0,Brooklyn,40.67134,-73.87862,Entire home/apt,4,1.0,1 bath,1.0,89.0,231,4.74,4.84,4.75,4.96,4.66,4.77
Fenix,71,28.0,Manhattan,40.7713773610764,-73.96759758761249,Entire home/apt,2,1.0,1 bath,1.0,375.0,6,5.0,5.0,5.0,5.0,4.83,5.0
Reservations,95,779.0,Manhattan,40.75870698907168,-73.9827796677982,Hotel room,2,1.0,1 bath,1.0,156.0,2,5.0,5.0,5.0,5.0,5.0,5.0
Joshua,0,1.0,Queens,40.75671,-73.92483,Private room,2,1.0,1 shared bath,1.0,60.0,94,4.9,4.94,4.85,4.93,4.88,4.89
Anthony,97,9.0,Queens,40.71131949999999,-73.9082014,Private room,2,1.5,1.5 shared baths,1.0,123.0,12,5.0,5.0,4.92,4.92,5.0,4.92
Sonder (NYC),100,758.0,Manhattan,40.76192,-73.97584,Private room,4,1.0,1 private bath,1.0,377.0,13,4.77,4.54,4.85,4.92,5.0,4.69
Shogo,89,324.0,Manhattan,40.84141,-73.93575,Private room,2,1.0,1 shared bath,1.0,34.0,1,4.0,5.0,4.0,4.0,4.0,4.0
Aruna,100,2.0,Bronx,40.83828,-73.86018,Private room,2,1.0,1 shared bath,1.0,91.0,5,5.0,5.0,5.0,5.0,4.8,5.0
Ebony,73,3.0,Bronx,40.89375989794846,-73.84642751758602,Private room,1,1.0,1 shared bath,1.0,82.0,3,4.67,5.0,4.67,5.0,4.67,4.67
Michaelle,100,3.0,Brooklyn,40.66029,-73.944038,Entire home/apt,5,1.0,1 bath,2.0,99.0,54,4.98,4.96,4.96,5.0,4.76,4.94
Outpost Club,46,32.0,Brooklyn,40.71572,-73.95804,Private room,1,2.0,2 shared baths,1.0,71.0,3,3.67,3.33,3.33,4.0,5.0,3.33
Central Park Apartments,65,49.0,Manhattan,40.79673,-73.96255,Entire home/apt,2,1.0,1 bath,0.0,89.0,6,4.33,4.33,4.33,4.5,4.17,4.5
Avijit,92,2.0,Brooklyn,40.69877,-73.92184,Private room,2,1.0,1 shared bath,1.0,149.0,22,5.0,5.0,4.82,5.0,4.77,4.95
Matt,75,28.0,Manhattan,40.75474,-73.96277,Entire home/apt,3,1.0,1 bath,0.0,169.0,1,5.0,5.0,5.0,5.0,5.0,5.0
Hotel Belleclaire,65,13.0,Manhattan,40.78306,-73.98224,Private room,2,1.0,1 private bath,1.0,323.0,2,4.5,4.0,5.0,4.0,5.0,4.5
Sammy,100,5.0,Manhattan,40.75787850867865,-73.9959324148228,Entire home/apt,5,2.0,2 baths,2.0,750.0,20,4.9,4.9,4.9,4.8,4.95,4.8
Ociel,99,4.0,Bronx,40.81015,-73.92025,Private room,2,1.0,1 shared bath,1.0,40.0,167,4.76,4.83,4.84,4.85,4.54,4.75
Jason,100,4.0,Brooklyn,40.68827,-73.95725,Private room,2,1.0,1 private bath,1.0,143.0,76,4.9,4.93,4.96,4.95,4.87,4.87
Victoria,43,1.0,Manhattan,40.79221,-73.94712,Entire home/apt,4,1.5,1.5 baths,1.0,357.0,15,4.93,4.87,4.93,5.0,4.87,4.93
MyNyHousing,84,115.0,Manhattan,40.74407,-73.9781,Entire home/apt,5,2.0,2 baths,2.0,310.0,9,4.78,4.89,4.78,5.0,4.78,4.33
Toni,100,2.0,Bronx,40.86339,-73.89625,Private room,4,1.0,1 shared bath,1.0,225.0,10,4.7,4.8,4.7,4.9,4.2,4.6
Michael Lee,89,3.0,Queens,40.6737,-73.85304,Private room,2,1.0,1 bath,1.0,99.0,34,4.85,4.91,4.94,4.94,4.85,4.74
Gann,92,4.0,Manhattan,40.82193,-73.94175,Private room,3,1.0,1 private bath,1.0,120.0,21,4.95,4.76,4.9,5.0,4.81,4.95
Jing,79,10.0,Manhattan,40.75966,-73.99453,Private room,2,1.0,1 bath,1.0,142.0,16,5.0,5.0,5.0,5.0,5.0,4.94
Amelia,96,1.0,Brooklyn,40.60094705249438,-73.95054516009961,Private room,2,2.0,2 baths,3.0,289.0,225,4.98,4.98,4.98,5.0,4.86,4.92
Grace,83,1.0,Queens,40.77007830000001,-73.9329396,Private room,1,1.0,1 shared bath,1.0,60.0,11,5.0,5.0,5.0,5.0,4.91,5.0
Lisa,87,2.0,Brooklyn,40.65977,-73.95913,Private room,2,2.0,2 baths,4.0,500.0,17,4.53,4.53,4.29,4.76,4.88,4.41
Lord Daniel,98,11.0,Brooklyn,40.68823,-73.9508,Entire home/apt,4,1.0,1 bath,2.0,165.0,72,4.85,4.86,4.86,4.92,4.72,4.81
Kelly,64,3.0,Brooklyn,40.70179,-73.93003,Private room,1,1.5,1.5 baths,1.0,70.0,151,4.91,4.92,4.71,4.95,4.87,4.85
Maria,100,5.0,Brooklyn,40.71573,-73.93877,Entire home/apt,6,2.0,2 baths,3.0,300.0,4,5.0,5.0,5.0,5.0,5.0,5.0
